メーカー名,品番,商品名,価格,ブランド,カテゴリ,サブカテゴリ,シリーズ,色,カラー系統,素材,サイズ,重量,商品タイトル,スペック①,スペック②,スペック③,スペック④,スペック⑤,ケア方法,備考①,備考②,商品画像URL,商品URL,特徴タグ,用途タグ,おすすめ,新商品,人気商品,男性おすすめ,女性おすすめ,公開,店舗在庫
株式会社足立,3001,For the Blue ミニリュック,17600,Alba pie,鞄：リュック・デイパック,,for the Blue,オーシャンブルー|ディープブルー,BLUE,合成繊維,W220×H270×D120mm,約400g,惜しまれつつ完売した「ALBAPIE ティラミスミニリュック」が、話題の素材で再生産。,-,-,-,-,-,-,-,-,https://artisan.itembox.cloud/product/008/000000000856/000000000856-09.jpg?size=l&w=ODAw&t=20210925103747,https://shop.artisan-atelier.net/c/bag/toyooka_kaban/3001,漁網ナイロン|軽量,レディース|普段使い|旅行|街歩き,FALSE,FALSE,FALSE,FALSE,FALSE,TRUE,在庫あり
株式会社足立,3002,For the Blue ショルダーバッグS,17600,Alba pie,鞄：ショルダー,,for the Blue,オーシャンブルー|ディープブルー,BLUE,合成繊維,W320×H230×D50mm,約330g,B5収納、わずか330gの軽量。再生素材を使用した薄マチショルダー。,-,-,-,-,-,-,-,-,https://artisan.itembox.cloud/product/008/000000000855/000000000855-09.jpg?size=l&w=ODAw&t=20210925101553,https://shop.artisan-atelier.net/c/bag/toyooka_kaban/3002,漁網ナイロン|軽量|コンパクト,ユニセックス|メンズ|レディース|普段使い|旅行|街歩き,FALSE,FALSE,FALSE,FALSE,FALSE,TRUE,在庫あり
株式会社足立,3003,For the Blue ボディバッグ,19800,Alba pie,鞄：ボディ・ウエスト,,for the Blue,オーシャンブルー|ディープブルー,BLUE,合成繊維,W170×H300×D70mm,約380g,海洋環境を守る「For the Blue」のボディバッグ。ポケットが多く、使いやすい仕様。,-,-,-,-,-,-,-,-,https://artisan.itembox.cloud/product/008/000000000841/000000000841-09.jpg?size=l&w=ODAw&t=20210924115834,https://shop.artisan-atelier.net/c/bag/toyooka_kaban/3003,漁網ナイロン|軽量,メンズ|普段使い|旅行|街歩き,FALSE,FALSE,FALSE,FALSE,FALSE,TRUE,在庫なし
株式会社足立,3010,For the Blue ウエストポーチ,12100,Alba pie,鞄：ボディ・ウエスト,,for the Blue,オーシャンブルー|ディープブルー,BLUE,合成繊維,W260×H160×D40mm,約210g,小物をコンパクトに収納・持ち歩ける。「ALBAPIE」ブランドらしい、ファスナーや金具のこだわりもポイント。,-,-,-,-,-,-,-,-,https://artisan.itembox.cloud/product/009/000000000966/000000000966-07.jpg?size=l&w=ODAw&t=20220401142318,https://shop.artisan-atelier.net/c/bag/toyooka_kaban/3010,漁網ナイロン|軽量|コンパクト,ユニセックス|メンズ|レディース|普段使い|旅行|街歩き,FALSE,FALSE,FALSE,FALSE,FALSE,TRUE,在庫あり
株式会社足立,3011,For the Blue デイパック,24200,Alba pie,鞄：リュック・デイパック,,for the Blue,オーシャンブルー|ディープブルー,BLUE,合成繊維,W280×H320×D100mm,約530g,ポケット充実、小ぶりでスマートな薄マチ。マルチに使える軽やかデイパック。,-,-,-,-,-,-,-,-,https://artisan.itembox.cloud/product/009/000000000967/000000000967-08.jpg?size=l&w=ODAw&t=20220401135857,https://shop.artisan-atelier.net/c/bag/toyooka_kaban/3011,漁網ナイロン|軽量|A4収納,ユニセックス|メンズ|レディース|普段使い|ビジネス,FALSE,FALSE,FALSE,FALSE,FALSE,TRUE,在庫あり
株式会社足立,3012,For the Blue ビジネスバッグ,27500,Alba pie,鞄：ビジネス・フォーマル,,for the Blue,オーシャンブルー|ディープブルー,BLUE,合成繊維,W380×H280×D80mm,約680g,大好評の漁網再生生地を使用したシリーズに、待望の軽量ビジネスブリーフが誕生。,-,-,-,-,-,-,-,-,https://artisan.itembox.cloud/product/009/000000000968/000000000968-10.jpg?size=l&w=ODAw&t=20220401140813,https://shop.artisan-atelier.net/c/bag/toyooka_kaban/3012,漁網ナイロン|軽量|A4収納,ユニセックス|メンズ|レディース|普段使い|ビジネス,FALSE,FALSE,FALSE,FALSE,FALSE,TRUE,在庫あり
株式会社足立,3013,For the Blue ビジネスボストンバッグ,33000,Alba pie,鞄：ビジネス・フォーマル,,for the Blue,オーシャンブルー|ディープブルー,BLUE,合成繊維,W380×H280×D190mm,約1000g,漁網再生生地を使用。旅行にも仕事にも使える万能ボストン。,-,-,-,-,-,-,-,-,https://artisan.itembox.cloud/product/009/000000000969/000000000969-01.jpg?size=l&w=ODAw&t=20220401141730,https://shop.artisan-atelier.net/c/bag/toyooka_kaban/3013,漁網ナイロン|軽量|A4収納,ユニセックス|メンズ|レディース|普段使い|ビジネス,FALSE,FALSE,FALSE,FALSE,FALSE,TRUE,在庫あり
株式会社足立,3020,For the Blue ミニトートバッグ,17600,Alba pie,鞄：トート,,for the Blue,オーシャンブルー|ディープブルー,BLUE,合成繊維,W220×H170×D110mm,約260g,シルバーのシュリンク革がアクセント。上品な小ぶり2WAYトート。,-,-,-,-,-,-,-,-,https://artisan.itembox.cloud/product/010/000000001009/000000001009-10.jpg?size=l&w=ODAw&t=20220706180419,https://shop.artisan-atelier.net/c/bag/toyooka_kaban/3020,漁網ナイロン|軽量|コンパクト,レディース|普段使い|旅行|街歩き,FALSE,FALSE,FALSE,FALSE,FALSE,TRUE,在庫あり
株式会社足立,3021,For the Blue セミショルダーバッグ,17600,Alba pie,鞄：ショルダー,,for the Blue,オーシャンブルー|ディープブルー,BLUE,合成繊維,W310×H200×D95mm,約240g,ショルダーベルトはシチュエーションで使い分け。「美しく持てる」女性らしいフォルム。,-,-,-,-,-,-,-,-,https://artisan.itembox.cloud/product/010/000000001010/000000001010-01.jpg?size=l&w=ODAw&t=20220708103628,https://shop.artisan-atelier.net/c/bag/toyooka_kaban/3021,漁網ナイロン|軽量,レディース|普段使い|旅行|街歩き,FALSE,FALSE,FALSE,FALSE,FALSE,TRUE,在庫あり
株式会社足立,5801,MASK＋ ボディバッグ,20900,Alba pie,鞄：ボディ・ウエスト,,MASK＋,ネイビー|ベージュ|マスタード,YELLOW|NAVY|BEIGE,合成繊維,W170×H300×D70mm,約450g,新しい日常に寄り添う。しっかり収納の優秀ボディバッグ。,-,-,-,-,-,-,-,-,https://artisan.itembox.cloud/product/007/000000000780/000000000780-08.jpg?size=l&w=ODAw&t=20210427175105,https://shop.artisan-atelier.net/c/bag/toyooka_kaban/5801,ナイロン|抗菌|軽量,メンズ|普段使い|旅行|街歩き,FALSE,FALSE,FALSE,FALSE,FALSE,TRUE,在庫あり
株式会社足立,5802,MASK＋ ショルダーバッグS,17600,Alba pie,鞄：ショルダー,,MASK＋,ネイビー|ベージュ|マスタード,YELLOW|NAVY|BEIGE,合成繊維,W320×H230×D50mm,約400g,B5サイズ、タブレット収納可能。機能素材の薄マチ横型ショルダー。,-,-,-,-,-,-,-,-,https://artisan.itembox.cloud/product/007/000000000781/000000000781-09.jpg?size=l&w=ODAw&t=20210427184555,https://shop.artisan-atelier.net/c/bag/toyooka_kaban/5802,ナイロン|抗菌|軽量|コンパクト,ユニセックス|メンズ|レディース|普段使い|旅行|街歩き,FALSE,FALSE,FALSE,FALSE,FALSE,TRUE,在庫あり
株式会社足立,5901,口金マルチショルダー,19250,Alba pie,鞄：ミニショルダー・ポーチ,,,イエロー|スカイ|ピンク|ブラック|ホワイト,PINK|YELLOW|BLUE|WHITE|BLACK,天然皮革・本革,W200×H120×D30mm,約275g,上品なレザーと口金仕様。豊岡の女性職人が考え抜いた、財布+小物収納の便利なマルチショルダー。,-,-,-,-,-,-,-,-,https://artisan.itembox.cloud/product/005/000000000559/000000000559-06.jpg?size=l&w=ODAw&t=20210930170103,https://shop.artisan-atelier.net/c/bag/toyooka_kaban/5901,牛革|がま口|オールレザー|コンパクト,レディース|普段使い|ギフト,FALSE,FALSE,FALSE,FALSE,FALSE,TRUE,在庫あり
株式会社足立,5902,L字マルチショルダー,16940,Alba pie,鞄：ミニショルダー・ポーチ,,,イエロー|スカイ|ピンク|ブラック|ホワイト,PINK|YELLOW|BLUE|WHITE|BLACK,天然皮革・本革,W190×H115×D20mm,約195g,豊岡の女性職人がデザイン。財布+小物収納の便利なマルチショルダー、L字ファスナー仕様。,-,-,-,-,-,-,-,-,https://artisan.itembox.cloud/product/005/000000000560/000000000560-08.jpg?size=l&w=ODAw&t=20210930171551,https://shop.artisan-atelier.net/c/bag/toyooka_kaban/5902,牛革|オールレザー|コンパクト,レディース|普段使い|ギフト,FALSE,FALSE,FALSE,FALSE,FALSE,TRUE,在庫あり
株式会社足立,7802,2wayキャリアケースS,25300,Alba pie,鞄：ビジネス・フォーマル,,,カーキ×オフホワイト|カーキ×ライム|ダークベージュ×ピーチ|ネイビー×スカイ|ブラック|ベージュ×イエロー,PINK|YELLOW|GREEN|NAVY|BLUE|WHITE|BLACK|BEIGE,合成繊維,W320×H230×D100mm,約550g,颯爽と輝く女性へ提案する、コンパクトで賢い小さめビジネスバッグ。,-,-,-,-,-,-,-,-,https://artisan.itembox.cloud/product/000/000000000017/000000000017-11.jpg?size=l&w=ODAw&t=20200219111841,https://shop.artisan-atelier.net/c/bag/toyooka_kaban/7802,コンビネーション|軽量|A4収納,レディース|ビジネス,FALSE,FALSE,FALSE,FALSE,FALSE,TRUE,取寄せ
株式会社足立,7803,2wayキャリアケースM,26400,Alba pie,鞄：ビジネス・フォーマル,,,カーキ×ライム|ダークベージュ×ピーチ|ネイビー×スカイ|ベージュ×イエロー,PINK|YELLOW|GREEN|NAVY|BLUE|BEIGE,合成繊維,W355×H270×D100mm,約610g,全て計算された作りで活躍必至。女性デザイナーが考案、女性のためのお仕事鞄。,-,-,-,-,-,-,-,-,https://artisan.itembox.cloud/product/000/000000000016/000000000016-13.jpg?size=l&w=ODAw&t=20210518184757,https://shop.artisan-atelier.net/c/bag/toyooka_kaban/7803,コンビネーション|軽量|A4収納,レディース|ビジネス,FALSE,FALSE,FALSE,FALSE,FALSE,TRUE,取寄せ
株式会社足立,AD003,For the Blue m_r tokyo ショルダーバッグ,18700,Alba pie,鞄：ショルダー,,for the Blue,オーシャンブルー|ディープブルー,BLUE,合成繊維,W220×H170×D120mm,約270g,女子大生発信の注目ブランド×豊岡鞄。小物を携帯できる巾着ミニバッグ。,-,-,-,-,-,-,-,-,https://artisan.itembox.cloud/product/012/000000001206/000000001206-01.jpg?size=l&w=ODAw&t=20231220160033,https://shop.artisan-atelier.net/c/bag/toyooka_kaban/AD003,漁網ナイロン|軽量,レディース|普段使い|旅行|街歩き,FALSE,FALSE,FALSE,FALSE,FALSE,TRUE,取寄せ
株式会社足立,AD2501,井原デニム ダレスバッグ,59400,Alba pie,鞄：ダレス,,井原デニム,ネイビー,NAVY,帆布・織物,W355×H265×D125mm,約1350g,セルビッジデニムの赤耳が印象的。 井原デニムの3WAYダレス。,-,-,-,-,-,-,-,-,https://artisan.itembox.cloud/product/013/000000001356/000000001356-01.jpg?size=l&w=ODAw&t=20250530165645,https://shop.artisan-atelier.net/c/bag/toyooka_kaban/AD2501,デニム|大容量|13-14インチPC収納|A4収納,ユニセックス|メンズ|レディース|普段使い|ビジネス,FALSE,FALSE,TRUE,FALSE,FALSE,TRUE,在庫あり
株式会社足立,AD2502,井原デニム リュック,30800,Alba pie,鞄：リュック・デイパック,,井原デニム,ネイビー,NAVY,コンビネーション,W260×H330×D120mm,約770g,良質のデニムに美しいステッチ。こんな贅沢なリュック、なかなか巡り会えない。,-,-,-,-,-,-,-,-,https://artisan.itembox.cloud/product/014/000000001422/000000001422-01.jpg?size=l&w=ODAw&t=20251026172556,https://shop.artisan-atelier.net/c/bag/toyooka_kaban/AD2502,デニム|13-14インチPC収納|A4収納,ユニセックス|メンズ|レディース|普段使い|ビジネス,FALSE,FALSE,FALSE,FALSE,FALSE,TRUE,在庫あり
株式会社足立,AD2503,井原デニム ボディバッグ,24200,Alba pie,鞄：ボディ・ウエスト,,井原デニム,ネイビー,NAVY,コンビネーション,W190×H280×D100mm,約500g,長く愛せる。いつも寄り添うデニムのボディバッグ。,-,-,-,-,-,-,-,-,https://artisan.itembox.cloud/product/014/000000001423/000000001423-01.jpg?size=l&w=ODAw&t=20251026174002,https://shop.artisan-atelier.net/c/bag/toyooka_kaban/AD2503,デニム|ボトル収納,メンズ|普段使い|旅行|街歩き,FALSE,FALSE,FALSE,FALSE,FALSE,TRUE,在庫あり
株式会社足立,AD2504,井原デニムウォレットポーチ,19800,Artisan Avenue,鞄：ミニショルダー・ポーチ,,Artisanオリジナル|井原デニム,ネイビー×イエロー|ネイビー×キャメル|ネイビー×ブラウン|ネイビー×ブラック,NAVY|BLACK|BROWN|YELLOW,コンビネーション,W200×H125×D20mm,約230g,機能、素材の魅力、コンパクトに凝縮。自分に合った使い方で携帯するBAG。,-,-,-,-,-,-,-,-,https://artisan.itembox.cloud/product/014/000000001415/000000001415-09.jpg?size=l&w=ODAw&t=20250924115807,https://shop.artisan-atelier.net/c/bag/toyooka_kaban/AD2504,デニム|軽量|Artisan限定|コンパクト,ユニセックス|メンズ|レディース|普段使い|旅行|街歩き,TRUE,FALSE,TRUE,TRUE,TRUE,TRUE,在庫あり
株式会社足立,AD3501,for the blue DENIM ミニショルダーバッグ,12100,Alba pie,鞄：ミニショルダー・ポーチ,,for the Blue DENIM,ネイビー,NAVY,帆布・織物,W130×H225×D30mm,約120g,ファッションアイテムとしてさりげなくデニムを取り入れる。スマホとカードでちょうど良い、ミニマムショルダー。,-,-,-,-,-,-,-,-,https://artisan.itembox.cloud/product/012/000000001261/000000001261-06.jpg?size=l&w=ODAw&t=20240508155346,https://shop.artisan-atelier.net/c/bag/toyooka_kaban/AD3501,漁網デニム|軽量,ユニセックス|メンズ|レディース|普段使い|旅行|街歩き,FALSE,FALSE,FALSE,FALSE,FALSE,TRUE,在庫あり
株式会社足立,AD3502,for the blue DENIM ショルダーバッグ,27500,Alba pie,鞄：ショルダー,,for the Blue DENIM,ネイビー,NAVY,帆布・織物,W310×H220×D95mm,約560g,ポケット充実の大容量で機動力もUP。自分らしさが高まるデニムショルダー。,-,-,-,-,-,-,-,-,https://artisan.itembox.cloud/product/012/000000001262/000000001262-08.jpg?size=l&w=ODAw&t=20240508155515,https://shop.artisan-atelier.net/c/bag/toyooka_kaban/AD3502,漁網デニム|タブレット収納,ユニセックス|メンズ|レディース|普段使い|旅行|街歩き,FALSE,FALSE,FALSE,FALSE,FALSE,TRUE,在庫あり
株式会社足立,AD3503,for the blue DENIM ボディバッグ,24200,Alba pie,鞄：ボディ・ウエスト,,for the Blue DENIM,ネイビー,NAVY,帆布・織物,W230×H325×D40mm,約430g,多様化の時代に適応する、身軽でおしゃれなボディバッグ。,-,-,-,-,-,-,-,-,https://artisan.itembox.cloud/product/012/000000001263/000000001263-01.jpg?size=l&w=ODAw&t=20240508155612,https://shop.artisan-atelier.net/c/bag/toyooka_kaban/AD3503,漁網デニム|タブレット収納,ユニセックス|メンズ|レディース|普段使い|旅行|街歩き,FALSE,FALSE,FALSE,FALSE,FALSE,TRUE,在庫あり
株式会社足立,AD3504,for the blue DENIM リュック,30800,Alba pie,鞄：リュック・デイパック,,for the Blue DENIM,ネイビー,NAVY,帆布・織物,W300×H420×D115mm,約930g,見えない芯材の厚みや固さにもこだわった美フォルムリュック。ON/OFF問わず活躍間違いなし。,-,-,-,-,-,-,-,-,https://artisan.itembox.cloud/product/012/000000001264/000000001264-01.jpg?size=l&w=ODAw&t=20240508160006,https://shop.artisan-atelier.net/c/bag/toyooka_kaban/AD3504,漁網デニム|13-14インチPC収納|A4収納,ユニセックス|メンズ|レディース|普段使い|ビジネス,FALSE,FALSE,FALSE,FALSE,FALSE,TRUE,在庫あり
株式会社足立,AD3601,for the blue トートバッグ,21780,Alba pie,鞄：トート,,for the Blue,オーシャンブラック|ドルフィンブルー|パールグレー,BLUE|GRAY|BLACK|BEIGE,合成繊維,W495×H330×D180mm,約370g,通勤や日帰り旅行に使いたいビッグサイズ。軽さが嬉しい手提げトート。,-,-,-,-,-,-,-,-,https://artisan.itembox.cloud/product/013/000000001310/000000001310-01.jpg?size=l&w=ODAw&t=20241023094120,https://shop.artisan-atelier.net/c/bag/toyooka_kaban/AD3601,漁網ナイロン|軽量|大容量|A4収納|B4収納,ユニセックス|メンズ|レディース|普段使い|旅行,FALSE,FALSE,FALSE,FALSE,FALSE,TRUE,在庫あり
株式会社足立,AD3602,for the blueミニバッグ,12980,Alba pie,鞄：ミニバッグ・ハンドバッグ,,for the Blue,オーシャンブラック|ドルフィンブルー|パールグレー,BLUE|GRAY|BLACK|BEIGE,合成繊維,W210×H130×D115mm,約120g,コロンとスクエア型が愛らしい。一緒にお出かけ先を考えたくなるミニバッグ。,-,-,-,-,-,-,-,-,https://artisan.itembox.cloud/product/013/000000001311/000000001311-01.jpg?size=l&w=ODAw&t=20241023094247,https://shop.artisan-atelier.net/c/bag/toyooka_kaban/AD3602,漁網ナイロン|軽量|コンパクト,レディース|普段使い|旅行|街歩き,FALSE,FALSE,FALSE,FALSE,FALSE,TRUE,在庫あり
株式会社足立,AD3603,for the blue ワンハンドルトート,18480,Alba pie,鞄：トート,,for the Blue,オーシャンブラック|ドルフィンブルー|パールグレー,BLUE|GRAY|BLACK|BEIGE,合成繊維,W390×H440×D35mm,約230g,Vラインと光沢感のある素材で意匠性を高めつつ、隠しマグホック、隠しオープンポケットなどで使いやすさもしっかり両立。,-,-,-,-,-,-,-,-,https://artisan.itembox.cloud/product/013/000000001312/000000001312-06.jpg?size=l&w=ODAw&t=20241023094359,https://shop.artisan-atelier.net/c/bag/toyooka_kaban/AD3603,漁網ナイロン|軽量,レディース|普段使い|旅行|街歩き,FALSE,FALSE,FALSE,FALSE,FALSE,TRUE,在庫あり
株式会社足立,AD3604,for the blue手ぶらバッグ,9680,Alba pie,鞄：ミニショルダー・ポーチ,,for the Blue,オーシャンブラック|ドルフィンブルー|パールグレー,BLUE|GRAY|BLACK|BEIGE,合成繊維,W110×H180×D25mm,約70g,最小限の荷物だけ。洋服のポケット感覚で使える身軽なミニショルダー。,-,-,-,-,-,-,-,-,https://artisan.itembox.cloud/product/013/000000001313/000000001313-08.jpg?size=l&w=ODAw&t=20241023094524,https://shop.artisan-atelier.net/c/bag/toyooka_kaban/AD3604,漁網ナイロン|軽量|コンパクト,ユニセックス|メンズ|レディース|普段使い|旅行|街歩き,FALSE,FALSE,FALSE,FALSE,FALSE,TRUE,在庫あり
株式会社足立,AD3611,for the blue ミニリュック,17930,Alba pie,鞄：リュック・デイパック,,for the Blue,オーシャンブラック|ドルフィンブルー|パールグレー,BLUE|GRAY|BLACK|BEIGE,合成繊維,W230×H275×D120mm,約370g,軽やかに持つ、ちょうどいい機能美。,-,-,-,-,-,-,-,-,https://artisan.itembox.cloud/product/015/000000001518/000000001518-01.jpg?size=l&w=ODAw&t=20260324160057,https://shop.artisan-atelier.net/c/bag/toyooka_kaban/AD3611,漁網ナイロン|軽量,レディース|普段使い|旅行|街歩き,FALSE,FALSE,FALSE,FALSE,FALSE,TRUE,在庫あり
株式会社足立,AD3701,For the Blue ミニダレスバッグ,38500,Alba pie,鞄：ダレス,,for the Blue,オーシャンブラック|ドルフィンブルー|パールグレー,BLUE|GRAY|BLACK|BEIGE,合成繊維,W300×H205×D80mm,約740g,シンプルなデザインで使いやすい。金具もオリジナル仕様、3WAYダレス。,-,-,-,-,-,-,-,-,https://artisan.itembox.cloud/product/013/000000001326/000000001326-11.jpg?size=l&w=ODAw&t=20250113163325,https://shop.artisan-atelier.net/c/bag/toyooka_kaban/AD3701,漁網ナイロン|軽量,レディース|普段使い|旅行|街歩き,FALSE,FALSE,FALSE,FALSE,FALSE,TRUE,在庫あり
株式会社足立,AD4100,convertible belt shoulder [高島屋×Artisan],48400,Artisan Avenue,鞄：ショルダー,,Artisanオリジナル,ネイビー,NAVY,帆布・織物,W320×H230×D80mm,約870g,装いに合わせて、鞄も着替える。,-,-,-,-,-,-,-,-,https://artisan.itembox.cloud/product/014/000000001449/000000001449-11.jpg?size=l&w=ODAw&t=20260129154329,https://shop.artisan-atelier.net/c/bag/toyooka_kaban/AD4100,再生デニム|Artisan限定,ユニセックス|メンズ|レディース|普段使い|旅行|街歩き,TRUE,FALSE,FALSE,TRUE,TRUE,TRUE,在庫あり
株式会社足立,AD6100,マルチショルダー,29700,Alba pie,鞄：ミニショルダー・ポーチ,,,キャメル|ダークグレージュ|ブラック,GRAY|BLACK|BROWN|BEIGE,天然皮革・本革,W165×H220×D5mm,約146g,片手で開いて、すぐ動けるマルチショルダー。,-,-,-,-,-,-,-,-,https://artisan.itembox.cloud/product/014/000000001439/000000001439-06.jpg?size=l&w=ODAw&t=20251226172519,https://shop.artisan-atelier.net/c/bag/toyooka_kaban/AD6100,牛革|がま口|オールレザー|コンパクト,レディース|普段使い|旅行|街歩き,FALSE,FALSE,FALSE,FALSE,FALSE,TRUE,在庫あり
株式会社足立,AP001,靴ベラ,3300,Alba pie,小物：豊岡小物,,,アソート,OTHER,天然皮革・本革,-,-,あると便利な靴ベラ型キーホルダー,-,-,-,-,-,-,-,-,https://shop.artisan-atelier.net/img/toyookakomono.svg,-,牛革|豊岡小物,普段使い|ギフト,FALSE,FALSE,FALSE,FALSE,FALSE,TRUE,在庫あり
株式会社足立,AW001,マルチケース,19800,Artisan Avenue,小物：名刺入れ、カード入れ,,Artisanオリジナル,グリーン|ネイビー|ブラウン,GREEN|NAVY|BROWN,天然皮革・本革,W105×H73×D15mm,約48g,シンプルな佇まいに多機能を。イタリアンレザーのマルチケース。,-,-,-,-,-,-,-,-,https://artisan.itembox.cloud/product/013/000000001352/000000001352-10.jpg?size=l&w=ODAw&t=20250513103704,https://shop.artisan-atelier.net/c/goods/toyookawallet/AW001,牛革|Artisan限定,ユニセックス|メンズ|レディース|ビジネス|新生活|ギフト,TRUE,FALSE,FALSE,TRUE,TRUE,TRUE,在庫あり
株式会社足立,AW002,パスケース,17600,Artisan Avenue,小物：名刺入れ、カード入れ,,Artisanオリジナル,グリーン|ネイビー|ブラウン,GREEN|NAVY|BROWN,天然皮革・本革,W105×H78×D12mm,約47g,使うほどに味わい深くなる、大人のためのパスケース。,-,-,-,-,-,-,-,-,https://artisan.itembox.cloud/product/013/000000001354/000000001354-09.jpg?size=l&w=ODAw&t=20250513152831,https://shop.artisan-atelier.net/c/goods/toyookawallet/AW002,牛革|Artisan限定,ユニセックス|メンズ|レディース|ビジネス|新生活|ギフト,TRUE,FALSE,FALSE,TRUE,TRUE,TRUE,在庫あり
株式会社足立,AW04-01,レッザボタニカ 名刺入れ,8800,Alba pie,小物：名刺入れ、カード入れ,,Lezza Botanica,コーヒー|ティーグリーン|ブラック|ワインレッド,RED|GREEN|BLACK|BROWN,天然皮革・本革,W110×H70×D15mm,約35g,人気のALBAPIE名刺入れに、深みのある色合いが仲間入り。,-,-,-,-,-,-,-,-,https://artisan.itembox.cloud/product/010/000000001011/000000001011-06.jpg?size=l&w=ODAw&t=20220708181019,https://shop.artisan-atelier.net/c/goods/toyookawallet/AW04-01,牛革,ユニセックス|メンズ|レディース|ビジネス|新生活|ギフト,FALSE,FALSE,FALSE,FALSE,FALSE,TRUE,在庫あり
株式会社足立,AW04-02,レッザボタニカ ミニマルチウォレット,19800,Alba pie,財布：コンパクト財布,,Lezza Botanica,ティーグリーン|ブラック|ワインレッド,RED|GREEN|BLACK,天然皮革・本革,W115×H85×D20mm,約122g,お札もカードもストレスなく収納可能。サスティナブルなミニ財布。,-,-,-,-,-,-,-,-,https://artisan.itembox.cloud/product/010/000000001012/000000001012-07.jpg?size=l&w=ODAw&t=20220709173641,https://shop.artisan-atelier.net/c/goods/toyookawallet/AW04-02,牛革,ユニセックス|メンズ|レディース|普段使い|ギフト,FALSE,FALSE,FALSE,FALSE,FALSE,TRUE,在庫あり
株式会社足立,AW04-03,レッザボタニカ マルチウォレット,28600,Alba pie,財布：長財布,,Lezza Botanica,コーヒー|ティーグリーン|ブラック|ワインレッド,RED|GREEN|BLACK|BROWN,天然皮革・本革,W190×H95×D20mm,約200g,容量・収納の充実、さらに大きく開き使いやすさ抜群。,-,-,-,-,-,-,-,-,https://artisan.itembox.cloud/product/010/000000001013/000000001013-10.jpg?size=l&w=ODAw&t=20250812094246,https://shop.artisan-atelier.net/c/goods/toyookawallet/AW04-03,牛革,ユニセックス|メンズ|レディース|普段使い|ギフト,FALSE,FALSE,FALSE,FALSE,FALSE,TRUE,在庫あり
株式会社足立,AW04-04,レッザボタニカ 二つ折りウォレット,24200,Alba pie,財布：コンパクト財布,,Lezza Botanica,コーヒー|ティーグリーン|ブラック|ワインレッド,RED|GREEN|BLACK|BROWN,天然皮革・本革,W115×H95×D10mm,約82g,オーソドックスな仕様が落ち着く。サステナブルレザーの2つ折れ財布。,-,-,-,-,-,-,-,-,https://artisan.itembox.cloud/product/010/000000001014/000000001014-13.jpg?size=l&w=ODAw&t=20250709134413,https://shop.artisan-atelier.net/c/goods/toyookawallet/AW04-04,牛革,ユニセックス|メンズ|レディース|普段使い|ギフト,FALSE,FALSE,FALSE,FALSE,FALSE,TRUE,在庫あり
株式会社足立,AW05-03,天溝押し口小銭入れ,13970,Alba pie,小物：コインケース,,,キャメル|ダークグレージュ|ブラック,GRAY|BLACK|BROWN|BEIGE,天然皮革・本革,W110×H75×D5mm,約29g,開ける所作まで、美しい小銭入れ。,-,-,-,-,-,-,-,-,https://artisan.itembox.cloud/product/014/000000001440/000000001440-01.jpg?size=l&w=ODAw&t=20251226180409,https://shop.artisan-atelier.net/c/goods/toyookawallet/AW0503,牛革,レディース|普段使い|ギフト,FALSE,FALSE,FALSE,FALSE,FALSE,TRUE,在庫あり
株式会社足立,AW2505,井原デニム 天溝押口長財布,29700,Alba pie,財布：長財布,,井原デニム,ネイビー,NAVY,コンビネーション,W200×H100×D10mm,約153g,スマートに、軽やかに。デニムで仕立てた大人の長財布。,-,-,-,-,-,-,-,-,https://artisan.itembox.cloud/product/014/000000001424/000000001424-01.jpg?size=l&w=ODAw&t=20251026211549,https://shop.artisan-atelier.net/c/goods/toyookawallet/AW2505,デニム|がま口,ユニセックス|メンズ|レディース|普段使い|ギフト,FALSE,FALSE,FALSE,FALSE,FALSE,TRUE,在庫あり
株式会社足立,TAO-002,For the Blue クロスボディバッグ,15840,Alba pie,鞄：ボディ・ウエスト,,for the Blue,オーシャンブルー|ディープブルー,BLUE,合成繊維,W360×H250×D90mm,約330g,軽くて使いやすいシンプルな作りに、跳ねる「しっぽ」がポイント。,-,-,-,-,-,-,-,-,https://artisan.itembox.cloud/product/009/000000000962/000000000962-07.jpg?size=l&w=ODAw&t=20220309111727,https://shop.artisan-atelier.net/c/bag/toyooka_kaban/TAO-002,漁網ナイロン|軽量|コラボ|A4収納,レディース|普段使い|旅行|街歩き,FALSE,FALSE,FALSE,FALSE,TRUE,TRUE,在庫あり
株式会社木和田正昭商店,*071900,CIE BALLISTIC AIR 2WAY BP,39600,CIE,鞄：リュック・デイパック,,,カーキ|ブラック,GREEN|BLACK,合成繊維,W280×H400×D80mm,約900g,数多いパーツを確かな技術で縫い上げ組み立てた、機能的2WAYバッグの傑作。,-,-,-,-,-,-,-,-,https://artisan.itembox.cloud/product/000/000000000014/000000000014-23.jpg?size=l&w=ODAw&t=20210317174245,https://shop.artisan-atelier.net/c/bag/toyooka_kaban/071900,ナイロン|撥水|軽量|13-14インチPC収納|A4収納,ユニセックス|メンズ|レディース|普段使い|ビジネス|旅行,FALSE,FALSE,FALSE,FALSE,FALSE,TRUE,在庫あり
株式会社木和田正昭商店,*071902,CIE BALLISTIC AIR SHOULDER,18700,CIE,鞄：ショルダー,,,ブラック,BLACK,合成繊維,W320×H230×D30mm,約300g,ストリート、アウトドア等で自在に活躍。コンパクトにして高性能・高耐久。,-,-,-,-,-,-,-,-,https://artisan.itembox.cloud/product/001/000000000194/000000000194-06.jpg?size=l&w=ODAw&t=20200219152939,https://shop.artisan-atelier.net/c/bag/toyooka_kaban/071902,ナイロン|撥水|軽量,ユニセックス|メンズ|レディース|普段使い|旅行,FALSE,FALSE,FALSE,FALSE,FALSE,TRUE,在庫あり
株式会社木和田正昭商店,*071903,CIE BALLISTIC AIR SQUARE BACKPACK,43450,CIE,鞄：リュック・デイパック,,,カーキ|ブラック,GREEN|BLACK,合成繊維,W300×H460×D160mm,約1000g,容量・ポケット・素材、全てに優れたON/OFF兼用高機能リュック。,-,-,-,-,-,-,-,-,https://artisan.itembox.cloud/product/007/000000000768/000000000768-07.jpg?size=l&w=ODAw&t=20210323223323,https://shop.artisan-atelier.net/c/bag/toyooka_kaban/071903,ナイロン|撥水|軽量|13-14インチPC収納|15-16インチPC収納|A4収納|B4収納,ユニセックス|メンズ|レディース|普段使い|ビジネス|旅行,FALSE,FALSE,FALSE,FALSE,FALSE,TRUE,在庫あり
株式会社木和田正昭商店,*071950,CIE WEATHER BACKPACK,38500,CIE,鞄：リュック・デイパック,,,オリーブ|ネイビー|ブラック|ミストグレー,GREEN|NAVY|GRAY|BLACK,合成繊維,W300×H485×D140mm,約900g,タフな毎日をサポートしてくれる、機能的×大容量のバックパック。,-,-,-,-,-,-,-,-,https://artisan.itembox.cloud/product/002/000000000288/000000000288-08.jpg?size=l&w=ODAw&t=20200313164054,https://shop.artisan-atelier.net/c/bag/toyooka_kaban/071950,ナイロン|撥水|軽量|13-14インチPC収納|15-16インチPC収納|A4収納|B4収納,ユニセックス|メンズ|レディース|普段使い|ビジネス|旅行,FALSE,FALSE,FALSE,FALSE,FALSE,TRUE,在庫あり
株式会社木和田正昭商店,*071951,CIE WEATHER SHOULDER,20900,CIE,鞄：ショルダー,,,オリーブ|ネイビー|ブラック|ミストグレー,GREEN|NAVY|GRAY|BLACK,合成繊維,W275×H200×D70mm,約400g,シーンを問わず活躍必至、機能性抜群の軽量万能BAG。,-,-,-,-,-,-,-,-,https://artisan.itembox.cloud/product/001/000000000193/000000000193-08.jpg?size=l&w=ODAw&t=20191225112350,https://shop.artisan-atelier.net/c/bag/toyooka_kaban/071951,ナイロン|撥水|軽量,ユニセックス|メンズ|レディース|普段使い|旅行,FALSE,FALSE,FALSE,FALSE,FALSE,TRUE,在庫あり
株式会社木和田正昭商店,*071952,CIE WEATHER 2WAY BACKPACK,35200,CIE,鞄：リュック・デイパック,,,オリーブ|ネイビー|ブラック|ミストグレー,GREEN|NAVY|GRAY|BLACK,合成繊維,W280×H440×D100mm,約800g,軽くてもタフな作り、ディテールに機能的遊び心満載。仕事も休日も雨の日だろうと、毎日愛せるbag。,-,-,-,-,-,-,-,-,https://artisan.itembox.cloud/product/005/000000000540/000000000540-06.jpg?size=l&w=ODAw&t=20200413163300,https://shop.artisan-atelier.net/c/bag/toyooka_kaban/071952,ナイロン|撥水|軽量|13-14インチPC収納|A4収納,ユニセックス|メンズ|レディース|普段使い|ビジネス|旅行,FALSE,FALSE,FALSE,FALSE,FALSE,TRUE,在庫あり
株式会社木和田正昭商店,*071953,CIE WEATHER DAYPACK,37400,CIE,鞄：リュック・デイパック,,,オリーブ|ネイビー|ブラック|ミストグレー,GREEN|NAVY|GRAY|BLACK,合成繊維,W280×H420×D150mm,約900g,カジュアルテイストでも機能的。PCコンパートメントを備えた2ルーム仕様。,-,-,-,-,-,-,-,-,https://artisan.itembox.cloud/product/007/000000000754/000000000754-06.jpg?size=l&w=ODAw&t=20210128133650,https://shop.artisan-atelier.net/c/bag/toyooka_kaban/071953,ナイロン|撥水|軽量|13-14インチPC収納|A4収納,ユニセックス|メンズ|レディース|普段使い|ビジネス|旅行,FALSE,FALSE,FALSE,FALSE,FALSE,TRUE,在庫あり
株式会社木和田正昭商店,*071954,CIE WEATHER BODYBAG/MARKET BAG,24200,CIE,鞄：ボディ・ウエスト,,,オリーブ|ネイビー|ブラック|ミストグレー,GREEN|NAVY|GRAY|BLACK,合成繊維,W280×H180×D110mm,約500g,このBAG1つで完結。スマホ、財布、ドリンク、単行本収納、SHOPPINGまで。,-,-,-,-,-,-,-,-,https://artisan.itembox.cloud/product/007/000000000769/000000000769-31.jpg?size=l&w=ODAw&t=20220427145811,https://shop.artisan-atelier.net/c/bag/toyooka_kaban/071954,ナイロン|撥水|軽量,ユニセックス|メンズ|レディース|普段使い|旅行,FALSE,FALSE,FALSE,FALSE,FALSE,TRUE,在庫あり
株式会社木和田正昭商店,*071955,CIE WEATHER DAYPACK2,37400,CIE,鞄：リュック・デイパック,,,オリーブ|ネイビー|ブラック|ミストグレー,GREEN|NAVY|GRAY|BLACK,合成繊維,W300×H450×D130mm,約700g,厳選した素材で軽量×高機能を叶えた。美しいフォルムの上品カジュアルDAYPACK。,-,-,-,-,-,-,-,-,https://artisan.itembox.cloud/product/013/000000001314/000000001314-09.jpg?size=l&w=ODAw&t=20241022134115,https://shop.artisan-atelier.net/c/bag/toyooka_kaban/071955,ナイロン|撥水|軽量|13-14インチPC収納|A4収納,ユニセックス|メンズ|レディース|普段使い|ビジネス|旅行,FALSE,FALSE,FALSE,FALSE,FALSE,TRUE,在庫あり
株式会社木和田正昭商店,*072650,CIE SUNNY BACKPACK,47300,CIE,鞄：リュック・デイパック,,,インディゴ|グレージュ|スレートグレー|ブラック,BLUE|GRAY|BLACK|BEIGE,合成繊維,,,,-,-,-,-,-,-,-,-,,,ナイロン|撥水|軽量|13-14インチPC収納|A4収納,ユニセックス|メンズ|レディース|普段使い|ビジネス|旅行,FALSE,FALSE,FALSE,FALSE,FALSE,TRUE,取寄せ
株式会社木和田正昭商店,*072651,CIE SUNNY SHOULDER BAG,25300,CIE,鞄：ショルダー,,,インディゴ|グレージュ|スレートグレー|ブラック,BLUE|GRAY|BLACK|BEIGE,合成繊維,,,,-,-,-,-,-,-,-,-,,,ナイロン|撥水|軽量,ユニセックス|メンズ|レディース|普段使い|旅行,FALSE,FALSE,FALSE,FALSE,FALSE,TRUE,取寄せ
株式会社木和田正昭商店,*072652,CIE SUNNY 2WAY BACKPACK,44000,CIE,鞄：リュック・デイパック,,,インディゴ|グレージュ|スレートグレー|ブラック,BLUE|GRAY|BLACK|BEIGE,合成繊維,,,,-,-,-,-,-,-,-,-,,,ナイロン|撥水|軽量|13-14インチPC収納|A4収納,ユニセックス|メンズ|レディース|普段使い|ビジネス|旅行,FALSE,FALSE,FALSE,FALSE,FALSE,TRUE,取寄せ
株式会社木和田正昭商店,*072654,CIE SUNNY BODY BAG with MARKET BAG,28600,CIE,鞄：ボディ・ウエスト,,,インディゴ|グレージュ|スレートグレー|ブラック,BLUE|GRAY|BLACK|BEIGE,合成繊維,,,,-,-,-,-,-,-,-,-,,,ナイロン|撥水|軽量,ユニセックス|メンズ|レディース|普段使い|旅行,FALSE,FALSE,FALSE,FALSE,FALSE,TRUE,取寄せ
株式会社木和田正昭商店,*072655,CIE SUNNY DAYPACK 02,37400,CIE,鞄：リュック・デイパック,,,インディゴ|グレージュ|スレートグレー|ブラック,BLUE|GRAY|BLACK|BEIGE,合成繊維,,,,-,-,-,-,-,-,-,-,,,ナイロン|撥水|軽量|13-14インチPC収納|A4収納,ユニセックス|メンズ|レディース|普段使い|ビジネス|旅行,FALSE,FALSE,FALSE,FALSE,FALSE,TRUE,取寄せ
株式会社木和田正昭商店,*080117,帆布PU×皮革ソフトブリーフ,30800,ORIGINAL BASIC,鞄：ビジネス・フォーマル,,,チョコ|ブラック|ブルー,BLUE|BLACK|BROWN,コンビネーション,W410×H320×D70mm,約1000g,女性からも褒められる、センスの良いビジネスバッグ。,-,-,-,-,-,-,-,-,https://artisan.itembox.cloud/product/000/000000000072/000000000072-07.jpg?size=l&w=ODAw&t=20200109200924,https://shop.artisan-atelier.net/c/bag/toyooka_kaban/080117,合成皮革|撥水|軽量|13-14インチPC収納|15-16インチPC収納|A4収納|B4収納,メンズ|ビジネス,FALSE,FALSE,FALSE,FALSE,FALSE,TRUE,在庫あり
株式会社木和田正昭商店,179468,豊岡鞄 皮革ワンショルダー,26400,ORIGINAL BASIC,鞄：ボディ・ウエスト,,,ダークブラウン|ブラウン|ブラック,BLACK|BROWN,天然皮革・本革,W140×H310×D55mm,約650g,職人技光る。天然皮革を丸みある美しいフォルムに見事仕上げた。,-,-,-,-,-,-,-,-,https://artisan.itembox.cloud/product/001/000000000171/000000000171-09.jpg?size=l&w=ODAw&t=20191227141832,https://shop.artisan-atelier.net/c/bag/toyooka_kaban/179468,牛革|ボトル収納,メンズ|普段使い|旅行|街歩き,FALSE,FALSE,FALSE,FALSE,FALSE,TRUE,在庫あり
株式会社木和田正昭商店,197712,craftsmanship クロコ型ブリーフ,42900,craftsmanship,鞄：ビジネス・フォーマル,,,サンセット|ダークブラウン|チャコール|ブラック|ブルー|ミッドナイト,RED|NAVY|BLUE|GRAY|BLACK|BROWN,天然皮革・本革,W410×H320×D70mm,約1150g,こだわりをしっかり持つ大人のための、クロコ型押し×ビジネス仕様。,-,-,-,-,-,-,-,-,https://artisan.itembox.cloud/product/000/000000000071/000000000071-30.jpg?size=l&w=ODAw&t=20240709144641,https://shop.artisan-atelier.net/c/bag/toyooka_kaban/197712,牛革|13-14インチPC収納|15-16インチPC収納|A4収納|B4収納,メンズ|ビジネス,FALSE,FALSE,FALSE,FALSE,FALSE,TRUE,在庫あり
株式会社木和田正昭商店,202201,HLSS Briefcase Leather Handle,40700,,鞄：ビジネス・フォーマル,,,ネイビー|ブラック,NAVY|BLACK,人工・合成皮革,W415×H300×D55,約1100g,技術を駆使して作り上げた。ブリーフケースの木和田正昭商店、NEWモデル。,-,-,-,-,-,-,-,-,https://artisan.itembox.cloud/product/011/000000001145/000000001145-08.jpg?size=l&w=ODAw&t=20230224113126,https://shop.artisan-atelier.net/c/bag/toyooka_kaban/202201,合成皮革|13-14インチPC収納|15-16インチPC収納|A4収納,メンズ|ビジネス,FALSE,FALSE,FALSE,FALSE,FALSE,TRUE,在庫あり
株式会社木和田正昭商店,202202,HLSS Briefcase Resin Handle,39600,,鞄：ビジネス・フォーマル,,,ネイビー|ブラック,NAVY|BLACK,人工・合成皮革,W415×H300×D55,約1100g,技術を駆使して作り上げた。ブリーフケースの木和田正昭商店、NEWモデル。,-,-,-,-,-,-,-,-,https://artisan.itembox.cloud/product/011/000000001146/000000001146-08.jpg?size=l&w=ODAw&t=20230224113927,https://shop.artisan-atelier.net/c/bag/toyooka_kaban/202202,合成皮革|13-14インチPC収納|15-16インチPC収納|A4収納,メンズ|ビジネス,FALSE,FALSE,FALSE,FALSE,FALSE,TRUE,在庫あり
株式会社木和田正昭商店,202301,豊岡鞄 皮革トート,40700,ORIGINAL BASIC,鞄：トート,,,ダークブラウン|ブラウン|ブラック,BLACK|BROWN,天然皮革・本革,W370×H360×D110mm,約800g,メンズ・レディース問わない、シンプルでスマートなレザーバッグ。,-,-,-,-,-,-,-,-,https://artisan.itembox.cloud/product/012/000000001249/000000001249-07.jpg?size=l&w=ODAw&t=20240221101632,https://shop.artisan-atelier.net/c/bag/toyooka_kaban/202301,牛革|13-14インチPC収納|15-16インチPC収納|オールレザー|A4収納,ユニセックス|メンズ|レディース|ビジネス|普段使い|街歩き,FALSE,FALSE,FALSE,FALSE,FALSE,TRUE,在庫あり
株式会社木和田正昭商店,43440K,YUMEGURI BAG L,13200,master-piece,鞄：ショルダー,,,オレンジ|ブラック|ベージュ,ORANGE|BLACK|BEIGE,合成繊維,W340×H320×D280mm,約150g,ちょっと大きめLサイズ。旅先でも、お出掛けでも、便利な軽量高撥水バッグ。,-,-,-,-,-,-,-,-,https://artisan.itembox.cloud/product/010/000000001063/000000001063-08.jpg?size=l&w=ODAw&t=20221026115947,https://shop.artisan-atelier.net/c/bag/toyooka_kaban/43440K,ナイロン|撥水|軽量,ユニセックス|メンズ|レディース|普段使い|旅行,FALSE,FALSE,FALSE,FALSE,FALSE,TRUE,在庫あり
株式会社木和田正昭商店,43441K,YUMEGURI BAG S,11000,master-piece,鞄：ショルダー,,,オレンジ|ブラック|ベージュ,ORANGE|BLACK|BEIGE,合成繊維,W250×H240×D240mm,約100g,肩掛け・手持ち、どちらも映えるコンパクトなSサイズ。温泉街のそぞろ歩きに。,-,-,-,-,-,-,-,-,https://artisan.itembox.cloud/product/010/000000001064/000000001064-06.jpg?size=l&w=ODAw&t=20221026131515,https://shop.artisan-atelier.net/c/bag/toyooka_kaban/43441K,ナイロン|撥水|軽量,ユニセックス|メンズ|レディース|普段使い|旅行,FALSE,FALSE,FALSE,FALSE,FALSE,TRUE,在庫あり
株式会社木和田正昭商店,500764,帆布PU×皮革ソフトブリーフ2R,37400,ORIGINAL BASIC,鞄：ビジネス・フォーマル,,,チョコ|ブラック|ブルー,BLUE|BLACK|BROWN,コンビネーション,W430×H300×D110mm,約1300g,衣類収納を装備。木和田正昭商店 定番ビジネスの出張対応型2ルーム仕様。,-,-,-,-,-,-,-,-,https://artisan.itembox.cloud/product/000/000000000070/000000000070-19.jpg?size=l&w=ODAw&t=20200219130259,https://shop.artisan-atelier.net/c/bag/toyooka_kaban/500764,合成皮革|撥水|軽量|13-14インチPC収納|15-16インチPC収納|A4収納|B4収納,メンズ|ビジネス|旅行,FALSE,FALSE,FALSE,FALSE,FALSE,TRUE,在庫あり
株式会社木和田正昭商店,558388,帆布PU×皮革ワンSD,19800,ORIGINAL BASIC,鞄：ボディ・ウエスト,,,チョコ|ブラック|ブルー,BLUE|BLACK|BROWN,コンビネーション,W160×H380×D90mm,約450g,大人のカジュアルスタイルに合う、軽くて使い心地の良いボディバッグ。,-,-,-,-,-,-,-,-,https://artisan.itembox.cloud/product/001/000000000186/000000000186-06.jpg?size=l&w=ODAw&t=20200109194848,https://shop.artisan-atelier.net/c/bag/toyooka_kaban/558388,合成皮革|撥水|軽量|ボトル収納,メンズ|普段使い|旅行|街歩き,FALSE,FALSE,FALSE,FALSE,FALSE,TRUE,在庫あり
株式会社木和田正昭商店,621215,帆布PU×皮革SD S,16500,ORIGINAL BASIC,鞄：ショルダー,,,チョコ|ブラック|ブルー,BLUE|BLACK|BROWN,コンビネーション,W200×H230×D60mm,約450g,携帯電話と長財布。あとは文庫本。必要なモノだけをコンパクトに持ち歩く、軽量撥水ミニショルダー。,-,-,-,-,-,-,-,-,https://artisan.itembox.cloud/product/002/000000000246/000000000246-17.jpg?size=l&w=ODAw&t=20200109194739,https://shop.artisan-atelier.net/c/bag/toyooka_kaban/621215,合成皮革|撥水|軽量,メンズ|普段使い|旅行|街歩き,FALSE,FALSE,FALSE,FALSE,FALSE,TRUE,在庫あり
株式会社木和田正昭商店,682936,豊岡鞄 皮革横カブセショルダー,30800,ORIGINAL BASIC,鞄：ショルダー,,,ダークブラウン|ブラウン|ブラック,BLACK|BROWN,天然皮革・本革,W330×H260×D90mm,約960g,活躍シーンの多いショルダーは、長く愛用できる革製品にこだわりたい。,-,-,-,-,-,-,-,-,https://artisan.itembox.cloud/product/002/000000000205/000000000205-08.jpg?size=l&w=ODAw&t=20191227141607,https://shop.artisan-atelier.net/c/bag/toyooka_kaban/682936,牛革|ボトル収納|タブレット収納,メンズ|普段使い|旅行|街歩き,FALSE,FALSE,FALSE,FALSE,FALSE,TRUE,在庫あり
株式会社木和田正昭商店,696973,豊岡鞄 皮革縦カブセショルダー,27500,ORIGINAL BASIC,鞄：ショルダー,,,ダークブラウン|ブラウン|ブラック,BLACK|BROWN,天然皮革・本革,W200×H260×D60mm,約800g,シボや風合いを楽しむオイルレザー。１つは持っておきたい牛革縦型ショルダー。,-,-,-,-,-,-,-,-,https://artisan.itembox.cloud/product/002/000000000204/000000000204-10.jpg?size=l&w=ODAw&t=20200219153854,https://shop.artisan-atelier.net/c/bag/toyooka_kaban/696973,牛革|ボトル収納,メンズ|普段使い|旅行|街歩き,FALSE,FALSE,FALSE,FALSE,FALSE,TRUE,在庫あり
株式会社木和田正昭商店,730709,帆布PU×皮革SD L,18700,ORIGINAL BASIC,鞄：ショルダー,,,チョコ|ブラック|ブルー,BLUE|BLACK|BROWN,コンビネーション,W250×H320×D80mm,約600g,独特の風合いと光沢感。幅広いシーンで使える定番人気ショルダー。,-,-,-,-,-,-,-,-,https://artisan.itembox.cloud/product/002/000000000245/000000000245-26.jpg?size=l&w=ODAw&t=20221202113347,https://shop.artisan-atelier.net/c/bag/toyooka_kaban/730709,合成皮革|撥水|軽量|ボトル収納,メンズ|普段使い|旅行|街歩き,FALSE,FALSE,FALSE,FALSE,FALSE,TRUE,在庫あり
株式会社木和田正昭商店,777315,craftsmanship サフィアーノ2ルームビジネス,42900,craftsmanship,鞄：ビジネス・フォーマル,,,ネイビー|ブラック,NAVY|BLACK,人工・合成皮革,W430×H310×D140mm,約1600g,サフィアーノ合皮×オイルレザー。進化と挑戦を続ける木和田正昭商店から、出張鞄の新たな提案。,-,-,-,-,-,-,-,-,https://artisan.itembox.cloud/product/000/000000000032/000000000032-09.jpg?size=l&w=ODAw&t=20200219114330,https://shop.artisan-atelier.net/c/bag/toyooka_kaban/777315,合成皮革|13-14インチPC収納|15-16インチPC収納|A4収納,メンズ|ビジネス,FALSE,FALSE,FALSE,FALSE,FALSE,TRUE,在庫あり
株式会社木和田正昭商店,781115,craftsmanship itinerator,29700,craftsmanship,鞄：ショルダー,,井原デニム,ネイビー,NAVY,帆布・織物,W450×H300×D130mm,約900g,「itinerator」=「旅人」旅するように自由で刺激的な日常を。デニム×ヌメ革、個性で勝負するメッセンジャーバッグ。,-,-,-,-,-,-,-,-,https://artisan.itembox.cloud/product/002/000000000206/000000000206-01.jpg?size=l&w=ODAw&t=20191227142553,https://shop.artisan-atelier.net/c/bag/toyooka_kaban/781115,デニム|大容量|13-14インチPC収納|15-16インチPC収納|A4収納,メンズ|普段使い|旅行|街歩き,FALSE,FALSE,FALSE,FALSE,FALSE,TRUE,在庫あり
株式会社木和田正昭商店,781206,craftsmanship tradicion,40700,craftsmanship,鞄：ショルダー,,井原デニム,ネイビー,NAVY,帆布・織物,W410×H320×D70mm,約1150g,「tradicion」=「伝統、伝承」デニムは井原、鞄は豊岡。受け継がれる技術と魂。,-,-,-,-,-,-,-,-,https://artisan.itembox.cloud/product/000/000000000031/000000000031-01.jpg?size=l&w=ODAw&t=20191227142014,https://shop.artisan-atelier.net/c/bag/toyooka_kaban/781206,デニム|大容量|13-14インチPC収納|15-16インチPC収納|A4収納|B4収納,メンズ|ビジネス|普段使い,FALSE,FALSE,FALSE,FALSE,FALSE,TRUE,在庫あり
株式会社木和田正昭商店,818104,豊岡鞄 皮革BSトート,39600,ORIGINAL BASIC,鞄：トート,,,ダークブラウン|ブラウン|ブラック,BLACK|BROWN,天然皮革・本革,W410×H300×D110mm,約1180g,スマートで美しいフォルムに心惹かれる。上品な作りの型押し牛革トート。,-,-,-,-,-,-,-,-,https://artisan.itembox.cloud/product/000/000000000068/000000000068-19.jpg?size=l&w=ODAw&t=20200219125441,https://shop.artisan-atelier.net/c/bag/toyooka_kaban/818104,牛革|13-14インチPC収納|15-16インチPC収納|オールレザー|A4収納,メンズ|ビジネス|普段使い|街歩き,FALSE,FALSE,FALSE,FALSE,FALSE,TRUE,在庫あり
株式会社木和田正昭商店,850731,craftsmanship W.P. 3WAY 2R,36300,craftsmanship,鞄：ビジネス・フォーマル,,,ブラック,BLACK,人工・合成皮革,W410×H290×D130mm,約1200g,雨の日の通勤も荷物の多い出張も、ストレスなく使える多機能バッグ。,-,-,-,-,-,-,-,-,https://artisan.itembox.cloud/product/000/000000000028/000000000028-01.jpg?size=l&w=ODAw&t=20191226175633,https://shop.artisan-atelier.net/c/bag/toyooka_kaban/850731,合成皮革|撥水|軽量|13-14インチPC収納|15-16インチPC収納|A4収納|B4収納,メンズ|ビジネス|普段使い,FALSE,FALSE,FALSE,FALSE,FALSE,TRUE,在庫あり
株式会社木和田正昭商店,850732,craftsmanship W.P. 3WAY,31900,craftsmanship,鞄：ビジネス・フォーマル,,,ブラック,BLACK,人工・合成皮革,W410×H290×D90mm,約1100g,雨の日も気にしない。365日働ける、頼もしいビジネス。,-,-,-,-,-,-,-,-,https://artisan.itembox.cloud/product/000/000000000027/000000000027-01.jpg?size=l&w=ODAw&t=20191226175151,https://shop.artisan-atelier.net/c/bag/toyooka_kaban/850732,合成皮革|撥水|軽量|13-14インチPC収納|15-16インチPC収納|A4収納|B4収納,メンズ|ビジネス|普段使い,FALSE,FALSE,FALSE,FALSE,FALSE,TRUE,在庫あり
株式会社木和田正昭商店,888315,craftsmanship サフィアーノ3方開きビジネス,35200,craftsmanship,鞄：ビジネス・フォーマル,,,ネイビー|ブラック,NAVY|BLACK,人工・合成皮革,W400×H300×D90mm,約1300g,サフィアーノ合皮×オイルレザー。さらなる進化を遂げた、木和田正昭商店のビジネス新定番。,-,-,-,-,-,-,-,-,https://artisan.itembox.cloud/product/000/000000000033/000000000033-09.jpg?size=l&w=ODAw&t=20200219114434,https://shop.artisan-atelier.net/c/bag/toyooka_kaban/888315,合成皮革|13-14インチPC収納|15-16インチPC収納|A4収納|B4収納,メンズ|ビジネス,FALSE,FALSE,TRUE,TRUE,FALSE,TRUE,在庫あり
株式会社木和田正昭商店,901010,豊岡鞄 皮革横トート,45100,ORIGINAL BASIC,鞄：トート,,,ダークブラウン|ブラウン|ブラック,BLACK|BROWN,天然皮革・本革,W420×H310×D140mm,約1220g,キャリアを重ねるにつれ、愛用鞄も自分らしいこだわりを持ちたい。,-,-,-,-,-,-,-,-,https://artisan.itembox.cloud/product/000/000000000043/000000000043-18.jpg?size=l&w=ODAw&t=20200109145312,https://shop.artisan-atelier.net/c/bag/toyooka_kaban/901010,牛革|13-14インチPC収納|15-16インチPC収納|オールレザー|A4収納,メンズ|ビジネス|普段使い|街歩き,FALSE,FALSE,FALSE,FALSE,FALSE,TRUE,在庫あり
株式会社木和田正昭商店,A70000,anti-mode style Pista 3WAY 2R,35200,anti-mode style,鞄：ビジネス・フォーマル,,,グレージュ|トープ|江戸黒,GRAY|BLACK|BEIGE,帆布・織物,W365×H270×D105mm,約1200g,大きく開口して使いやすい。A4ファイル・タブレット収納、防水素材の2ルームビジネス。,-,-,-,-,-,-,-,-,https://artisan.itembox.cloud/product/007/000000000742/000000000742-07.jpg?size=l&w=ODAw&t=20201225170016,https://shop.artisan-atelier.net/c/bag/toyooka_kaban/A70000,合成皮革|13-14インチPC収納|15-16インチPC収納|A4収納,ユニセックス|メンズ|レディース|ビジネス|普段使い|街歩き,FALSE,FALSE,FALSE,FALSE,FALSE,TRUE,在庫あり
株式会社木和田正昭商店,A70001,anti-mode style Pista 3WAY,30800,anti-mode style,鞄：ビジネス・フォーマル,,,グレージュ|トープ|江戸黒,GRAY|BLACK|BEIGE,帆布・織物,W365×H270×D95mm,約1000g,ビジネスバッグを知り尽くした「木和田正昭商店」が提案。女性のための、お仕事bag。,-,-,-,-,-,-,-,-,https://artisan.itembox.cloud/product/007/000000000743/000000000743-08.jpg?size=l&w=ODAw&t=20201225181226,https://shop.artisan-atelier.net/c/bag/toyooka_kaban/A70001,合成皮革|13-14インチPC収納|15-16インチPC収納|A4収納,ユニセックス|メンズ|レディース|ビジネス|普段使い|街歩き,FALSE,FALSE,FALSE,FALSE,FALSE,TRUE,在庫あり
株式会社木和田正昭商店,A80000,anti-mode style QUILT Tote,30800,anti-mode style,鞄：トート,,井原デニム,ネイビー×キャメル|ネイビー×ブラック,NAVY|BLACK|BROWN,帆布・織物,W340×H270×D120mm,約600g,エレガントなデニム。美しいフォルムのトートバッグ。,-,-,-,-,-,-,-,-,https://artisan.itembox.cloud/product/007/000000000799/000000000799-06.jpg?size=l&w=ODAw&t=20210519225522,https://shop.artisan-atelier.net/c/bag/toyooka_kaban/A80000,デニム|牛革,レディース|普段使い|旅行|街歩き,FALSE,FALSE,FALSE,FALSE,FALSE,TRUE,在庫あり
株式会社木和田正昭商店,A80001,anti-mode style QUILT 2Way SD,30800,anti-mode style,鞄：ショルダー,,井原デニム,ネイビー×キャメル|ネイビー×ブラック,NAVY|BLACK|BROWN,帆布・織物,W270×H190×D110mm,約500g,エレガントなデニム。手に持っても、ショルダーでもコロンとして可愛い形。,-,-,-,-,-,-,-,-,https://artisan.itembox.cloud/product/008/000000000800/000000000800-05.jpg?size=l&w=ODAw&t=20210519225857,https://shop.artisan-atelier.net/c/bag/toyooka_kaban/A80001,デニム|牛革,レディース|普段使い|旅行|街歩き,FALSE,FALSE,FALSE,FALSE,FALSE,TRUE,在庫あり
株式会社木和田正昭商店,A80002,anti-mode style QUILT Pochette,23100,anti-mode style,鞄：ミニショルダー・ポーチ,,,ネイビー×キャメル|ネイビー×ブラック,NAVY|BLACK|BROWN,帆布・織物,W170×H210×D30mm,約200g,エレガントなデニム。ファッションのアクセントとなる軽やかポシェット。,-,-,-,-,-,-,-,-,https://artisan.itembox.cloud/product/008/000000000801/000000000801-06.jpg?size=l&w=ODAw&t=20210519230157,https://shop.artisan-atelier.net/c/bag/toyooka_kaban/A80002,デニム|牛革,レディース|普段使い|旅行|街歩き,FALSE,FALSE,FALSE,FALSE,FALSE,TRUE,在庫あり
株式会社木和田正昭商店,A90000,anti-mode style U.R. Daily Tote,29700,anti-mode style,鞄：トート,,,グレー|ブラック|ベージュ,GRAY|BLACK|BEIGE,合成繊維,W410×H340×D190mm,約680g,タフさも、品のよさも、このひとつで。,-,-,-,-,-,-,-,-,https://artisan.itembox.cloud/product/015/000000001531/000000001531-07.jpg?size=l&w=ODAw&t=20260703133008,https://shop.artisan-atelier.net/c/bag/toyooka_kaban/A90000,合成皮革|軽量|13-14インチPC収納|15-16インチPC収納|A4収納,レディース|普段使い|旅行|街歩き,FALSE,TRUE,FALSE,FALSE,TRUE,TRUE,在庫あり
株式会社木和田正昭商店,A90001,anti-mode style U.R. Mini Tote,19800,anti-mode style,鞄：トート,,,グレー|ブラック|ベージュ,GRAY|BLACK|BEIGE,人工・合成皮革,W240×H190×D130mm,約285g,毎日を、スマートに持ち歩く。長財布と小物を収納できるミニトート。,-,-,-,-,-,-,-,-,https://artisan.itembox.cloud/product/015/000000001532/000000001532-08.jpg?size=l&w=ODAw&t=20260703144651,https://shop.artisan-atelier.net/c/bag/toyooka_kaban/A90001,合成皮革|軽量|コンパクト,レディース|普段使い|旅行|街歩き,FALSE,TRUE,FALSE,FALSE,TRUE,TRUE,在庫あり
株式会社木和田正昭商店,AW500,anti-mode style Colors 三つ折りウォレット,17600,anti-mode style,財布：コンパクト財布,,,アベーテ|ゴールド|シエロ|シルバー|トープ|ネロ|ブルノッテ|ペルラ,METALLIC|BEIGE,天然皮革・本革,W100×H65×D25mm,約100g,好きなカラーの革を選びたい。片手に収まる小さなお財布。,-,-,-,-,-,-,-,-,https://artisan.itembox.cloud/product/003/000000000345/000000000345-25.jpg?size=l&w=ODAw&t=20240419155408,https://shop.artisan-atelier.net/c/goods/toyookawallet/AW500,牛革,ユニセックス|普段使い|プレゼント,FALSE,FALSE,FALSE,FALSE,FALSE,TRUE,在庫あり
株式会社木和田正昭商店,AW501,anti-mode style AI（藍）三つ折りウォレット,33000,anti-mode style,財布：コンパクト財布,,,勝色,OTHER,天然皮革・本革,W100×H65×D25mm,約100g,日本の伝統的染色方法で色出しされた自然の美しさ。本藍染めコンパクト財布。,-,-,-,-,-,-,-,-,https://artisan.itembox.cloud/product/013/000000001338/000000001338-01.jpg?size=l&w=ODAw&t=20250402115001,https://shop.artisan-atelier.net/c/goods/toyookawallet/AW501,牛革|藍染,ユニセックス|メンズ|レディース|普段使い|ギフト,FALSE,FALSE,FALSE,FALSE,FALSE,TRUE,在庫あり
株式会社木和田正昭商店,AW600,anti-mode style OLIVE Long Wallet,27500,anti-mode style,財布：長財布,,,オリーブ|タン|ブラック,GREEN|BLACK|BROWN,天然皮革・本革,W200×H100×D20mm,約110g,軽くてコンパクトで使いやすい。ナチュラル仕上げのこだわりレザー、L字ロングウォレット。,-,-,-,-,-,-,-,-,https://artisan.itembox.cloud/product/008/000000000875/000000000875-19.jpg?size=l&w=ODAw&t=20231027174844,https://shop.artisan-atelier.net/c/goods/toyookawallet/AW600,牛革,ユニセックス|メンズ|レディース|普段使い|ギフト,FALSE,FALSE,FALSE,FALSE,FALSE,TRUE,在庫あり
株式会社木和田正昭商店,AW800,anti-mode style OLIVE Smart Key Case,18700,anti-mode style,小物：キーケース・キーホルダー,,,オリーブ|タン|ブラック,GREEN|BLACK|BROWN,天然皮革・本革,W120×H70×D20mm,約50g,愛着が湧くナチュラルな革。シンプルで、使いやすい作りのキーケース。,-,-,-,-,-,-,-,-,https://artisan.itembox.cloud/product/009/000000000961/000000000961-08.jpg?size=l&w=ODAw&t=20230414140745,https://shop.artisan-atelier.net/c/goods/toyookawallet/AW800,牛革,ユニセックス|メンズ|レディース|普段使い|ギフト,FALSE,FALSE,FALSE,FALSE,FALSE,TRUE,在庫あり
株式会社木和田正昭商店,AW900,anti-mode style  Shimmer Chic RF Wallet,25300,anti-mode style,財布：長財布,,,セレニティ|テラコッタ|ノクターン,RED|BLUE,天然皮革・本革,W205×H97×D40mm,約215g,現金派もカード派も使いやすい。メタリックオイル革のラウンドウォレット。,-,-,-,-,-,-,-,-,https://artisan.itembox.cloud/product/014/000000001431/000000001431-01.jpg?size=l&w=ODAw&t=20251205213239,https://shop.artisan-atelier.net/c/goods/toyookawallet/AW900,牛革,レディース|普段使い,FALSE,TRUE,FALSE,FALSE,FALSE,TRUE,在庫あり
株式会社木和田正昭商店,AW901,anti-mode style  Shimmer Chic Compact Wallet,16500,anti-mode style,財布：コンパクト財布,,,セレニティ|テラコッタ|ノクターン,RED|BLUE,天然皮革・本革,W120×H90×D30mm,約120g,光沢のあるオイルレザー。コンパクトでも、カードと現金をしっかり収納。,-,-,-,-,-,-,-,-,https://artisan.itembox.cloud/product/014/000000001432/000000001432-01.jpg?size=l&w=ODAw&t=20251209153314,https://shop.artisan-atelier.net/c/goods/toyookawallet/AW901,牛革,レディース|普段使い,FALSE,TRUE,FALSE,FALSE,FALSE,TRUE,在庫あり
株式会社木和田正昭商店,B122T,L.E.D BITES HORSE Brief Case,57200,L.E.D. BITES,鞄：ビジネス・フォーマル,,,ブラウン|ブラック,BLACK|BROWN,天然皮革・本革,W415×H285×D20mm,約860g,スマートなフォルムでも機能性を極めた、ホースレザーのブリーフケース。,-,-,-,-,-,-,-,-,https://artisan.itembox.cloud/product/014/000000001447/000000001447-01.jpg?size=l&w=ODAw&t=20260116105705,https://shop.artisan-atelier.net/c/bag/toyooka_kaban/B122T,牛革,メンズ|ビジネス,FALSE,FALSE,FALSE,FALSE,FALSE,TRUE,在庫あり
株式会社木和田正昭商店,B124T,L.E.D BITES HORSE 2WAY S.D. Bag,49500,L.E.D. BITES,,,,ブラウン|ブラック,BLACK|BROWN,天然皮革・本革,,,,-,-,-,-,-,-,-,-,https://shop.artisan-atelier.net/images/whats_toyookakaban.png,,,,FALSE,FALSE,FALSE,FALSE,FALSE,TRUE,在庫あり
株式会社木和田正昭商店,B125T,L.E.D BITES HORSE 縦型 2WAY S.D. Bag,45100,L.E.D. BITES,,,,ブラウン|ブラック,BLACK|BROWN,天然皮革・本革,,,,-,-,-,-,-,-,-,-,https://shop.artisan-atelier.net/images/whats_toyookakaban.png,,,,FALSE,FALSE,FALSE,FALSE,FALSE,TRUE,在庫あり
株式会社木和田正昭商店,B301T,L.E.D BITES HORSE Shoulder Bag,34100,L.E.D. BITES,鞄：ショルダー,,,ブラウン|ブラック,BLACK|BROWN,天然皮革・本革,W190×H245×D20mm,約340g,無駄を削ぎ落とした、スマートなショルダー。,-,-,-,-,-,-,-,-,https://artisan.itembox.cloud/product/014/000000001448/000000001448-01.jpg?size=l&w=ODAw&t=20260116111339,https://shop.artisan-atelier.net/c/bag/toyooka_kaban/B301T,牛革,メンズ|普段使い|旅行|街歩き,FALSE,FALSE,FALSE,FALSE,FALSE,TRUE,在庫あり
株式会社木和田正昭商店,BHJ17,Endurance Sling Camera Bag,38500,Endurance,鞄：ボディ・ウエスト,,,ネイビー|ブラック,NAVY|BLACK,合成繊維,W220×H430×D150mm,約700g,撮影も、日常も、これひとつ。,-,-,-,-,-,-,-,-,https://artisan.itembox.cloud/product/015/000000001535/000000001535-08.jpg?size=l&w=ODAw&t=20260726102545,https://shop.artisan-atelier.net/c/bag/toyooka_kaban/BHJ17,ナイロン|撥水|軽量|ボトル収納|タブレット収納|カメラ収納,メンズ|普段使い,FALSE,TRUE,FALSE,TRUE,FALSE,TRUE,在庫あり
株式会社木和田正昭商店,BHJ27,Endurance Camera Backpack,77000,Endurance,鞄：リュック・デイパック,,,ブラック,BLACK,合成繊維,W320×H490×D205mm,約1800g,プロ仕様の機能を、豊岡鞄の品質で。,-,-,-,-,-,-,-,-,https://artisan.itembox.cloud/product/015/000000001536/000000001536-07.jpg?size=l&w=ODAw&t=20260804111151,https://shop.artisan-atelier.net/c/bag/toyooka_kaban/BHJ27,ナイロン|撥水|軽量|ボトル収納|タブレット収納|13-14インチPC収納|15-16インチPC収納|A4収納|B4収納,メンズ|普段使い,FALSE,TRUE,FALSE,TRUE,FALSE,TRUE,在庫あり
株式会社木和田正昭商店,BHJ37,Endurance Business Camera Backpack,55000,Endurance,鞄：リュック・デイパック,,,ブラック,BLACK,合成繊維,W290×H450×D150mm,約1280g,撮影も仕事も、これひとつ。プロの現場から生まれた高機能カメラバックパック,-,-,-,-,-,-,-,-,https://artisan.itembox.cloud/product/015/000000001566/000000001566-08.jpg?size=l&w=ODAw&t=20260910154641,https://shop.artisan-atelier.net/c/bag/toyooka_kaban/BHJ37,ナイロン|撥水|軽量|ボトル収納|タブレット収納|13-14インチPC収納|15-16インチPC収納|A4収納|B4収納,メンズ|ビジネス|普段使い|旅行,FALSE,TRUE,FALSE,TRUE,FALSE,TRUE,在庫あり
株式会社木和田正昭商店,brfGR05HA,Urban Explorer 20 HA,37400,beruf baggage,鞄：リュック・デイパック,,,ネイビー|ブラック,NAVY|BLACK,合成繊維,W300×H450×D140mm,約950g,端正なルックスを備えた、究極の合理主義。 また進化する「豊岡鞄×beruf baggage」 2ndシリーズの20リッターbackpack。,-,-,-,-,-,-,-,-,https://artisan.itembox.cloud/product/007/000000000727/000000000727-06.jpg?size=l&w=ODAw&t=20201119160347,https://shop.artisan-atelier.net/c/bag/toyooka_kaban/brfGR05HA,ナイロン|撥水|軽量|ボトル収納|タブレット収納|13-14インチPC収納|15-16インチPC収納|A4収納|B4収納,メンズ|ビジネス|普段使い|旅行|街歩き,FALSE,FALSE,FALSE,FALSE,FALSE,TRUE,在庫あり
株式会社木和田正昭商店,brfGR15HA,Urban Explorer 16 HA,34980,beruf baggage,鞄：リュック・デイパック,,,ネイビー|ブラック,NAVY|BLACK,合成繊維,W290×H410×D140mm,約850g,「豊岡鞄×beruf baggage」 2ndシリーズbackpackの16リッター仕様。ビジネスにもアジャストしたスマートでクレバーなプロダクト。,-,-,-,-,-,-,-,-,https://artisan.itembox.cloud/product/007/000000000729/000000000729-23.jpg?size=l&w=ODAw&t=20201125155132,https://shop.artisan-atelier.net/c/bag/toyooka_kaban/brfGR15HA,ナイロン|撥水|軽量|ボトル収納|タブレット収納|13-14インチPC収納|15-16インチPC収納|A4収納|B4収納,メンズ|ビジネス|普段使い|旅行|街歩き,FALSE,FALSE,FALSE,FALSE,FALSE,TRUE,在庫あり
株式会社木和田正昭商店,brfGR21HA,Urban Explorer 6 HA,19800,beruf baggage,鞄：ショルダー,,,ネイビー|ブラック,NAVY|BLACK,合成繊維,W320×H200×D120mm,約450g,「豊岡鞄×beruf baggage」が提案。タブレット収納・機器類の持ち運びに最適、機能的スリングパック。,-,-,-,-,-,-,-,-,https://artisan.itembox.cloud/product/007/000000000730/000000000730-20.jpg?size=l&w=ODAw&t=20201125153923,https://shop.artisan-atelier.net/c/bag/toyooka_kaban/brfGR21HA,ナイロン|撥水|軽量|ボトル収納|タブレット収納,メンズ|普段使い|旅行|街歩き,TRUE,FALSE,TRUE,TRUE,FALSE,TRUE,在庫あり
株式会社木和田正昭商店,brfGR22HA,Urban Explorer MINI HA,16500,beruf baggage,鞄：ミニショルダー・ポーチ,,,ネイビー|ブラック,NAVY|BLACK,合成繊維,W200×H100×D45mm,約200g,充実の財布機能を備えた、バックパックとあわせて使えるミニマムショルダー。,-,-,-,-,-,-,-,-,https://artisan.itembox.cloud/product/011/000000001158/000000001158-06.jpg?size=l&w=ODAw&t=20240403110249,https://shop.artisan-atelier.net/c/bag/toyooka_kaban/brfGR22HA,ナイロン|撥水|軽量|コンパクト,メンズ|普段使い|旅行|街歩き,FALSE,FALSE,FALSE,FALSE,FALSE,TRUE,在庫あり
株式会社木和田正昭商店,brfUC04HA,Urban Commuter 2x3WAY BRIEF PACK HA,53900,beruf baggage,鞄：リュック・デイパック,,,ネイビー|ブラック,NAVY|BLACK,合成繊維,W300×H420×D250mm,約1600g,ビジネスバッグの合理的進化。自転車通勤から出張まで幅広いシーンに対応。,-,-,-,-,-,-,-,-,https://artisan.itembox.cloud/product/004/000000000486/000000000486-07.jpg?size=l&w=ODAw&t=20200228134519,https://shop.artisan-atelier.net/c/bag/toyooka_kaban/brfUC04HA,ナイロン|撥水|軽量|ボトル収納|タブレット収納|13-14インチPC収納|15-16インチPC収納|A4収納|B4収納,メンズ|ビジネス|普段使い|旅行|街歩き,FALSE,FALSE,FALSE,FALSE,FALSE,TRUE,在庫あり
株式会社木和田正昭商店,brfUC05HA,Urban Commuter 2WAY BACK PACK HA,29700,beruf baggage,鞄：リュック・デイパック,,,ネイビー|ブラック,NAVY|BLACK,合成繊維,W280×H420×D140mm,約700g,旅するようにフリーなスタイルで。アクティブを体現するスマートなリュック。,-,-,-,-,-,-,-,-,https://artisan.itembox.cloud/product/004/000000000487/000000000487-01.jpg?size=l&w=ODAw&t=20200217124515,https://shop.artisan-atelier.net/c/bag/toyooka_kaban/brfUC05HA,ナイロン|撥水|軽量|ボトル収納|タブレット収納|13-14インチPC収納|15-16インチPC収納|A4収納|B4収納,メンズ|ビジネス|普段使い|旅行|街歩き,FALSE,FALSE,FALSE,FALSE,FALSE,TRUE,在庫あり
株式会社木和田正昭商店,brfUC06HA,Urban Commuter BACK PACK 2 HA,39600,beruf baggage,鞄：リュック・デイパック,,,ネイビー|ブラック,NAVY|BLACK,合成繊維,W280×H460×D150mm,約1050g,beruf×豊岡鞄 究極のmixが鞄の常識を凌駕する。2020年誕生、超進化系リュック。,-,-,-,-,-,-,-,-,https://artisan.itembox.cloud/product/004/000000000488/000000000488-07.jpg?size=l&w=ODAw&t=20200228141519,https://shop.artisan-atelier.net/c/bag/toyooka_kaban/brfUC06HA,ナイロン|撥水|軽量|ボトル収納|タブレット収納|13-14インチPC収納|15-16インチPC収納|A4収納|B4収納,メンズ|ビジネス|普段使い|旅行|街歩き,FALSE,FALSE,FALSE,FALSE,FALSE,TRUE,在庫あり
株式会社木和田正昭商店,brfUC07HA,Urban Commuter 2WAY TOTE BAG 2 HA,37400,beruf baggage,鞄：トート,,,ネイビー|ブラック,NAVY|BLACK,合成繊維,W345×H340×D170mm,約1000g,ありきたりは要らない。タフでクレバー、最先端を行くトートバッグ。,-,-,-,-,-,-,-,-,https://artisan.itembox.cloud/product/004/000000000489/000000000489-06.jpg?size=l&w=ODAw&t=20200228135517,https://shop.artisan-atelier.net/c/bag/toyooka_kaban/brfUC07HA,ナイロン|撥水|軽量|ボトル収納|タブレット収納|13-14インチPC収納|15-16インチPC収納|A4収納|B4収納,メンズ|ビジネス|普段使い|旅行|街歩き,FALSE,FALSE,FALSE,FALSE,FALSE,TRUE,在庫あり
株式会社木和田正昭商店,brfUC08HA,Urban Commuter BACK PACK 3 HA,42900,beruf baggage,鞄：リュック・デイパック,,,ネイビー|ブラック,NAVY|BLACK,合成繊維,W300×H460×D180mm,約1200g,進化モデルは、スマートなフォルムを維持しつつ、マチが広がり収納量も拡大。,-,-,-,-,-,-,-,-,https://artisan.itembox.cloud/product/011/000000001157/000000001157-06.jpg?size=l&w=ODAw&t=20230414115630,https://shop.artisan-atelier.net/c/bag/toyooka_kaban/brfUC08HA,ナイロン|撥水|軽量|ボトル収納|タブレット収納|13-14インチPC収納|15-16インチPC収納|A4収納|B4収納,メンズ|ビジネス|普段使い|旅行|街歩き,FALSE,FALSE,FALSE,FALSE,FALSE,TRUE,在庫あり
株式会社木和田正昭商店,brfUC09HA,Urban Commuter 2WAY TOTE BAG 3 HA,53900,beruf baggage,鞄：トート,,,ネイビー|ブラック,NAVY|BLACK,合成繊維,W320×H410×D130mm,約1400g,収納力と強さを備えた堂々の重厚感。トートとバックパックを機能的に融合。,-,-,-,-,-,-,-,-,https://artisan.itembox.cloud/product/012/000000001270/000000001270-01.jpg?size=l&w=ODAw&t=20240802112734,https://shop.artisan-atelier.net/c/bag/toyooka_kaban/brfUC09HA,ナイロン|撥水|軽量|ボトル収納|タブレット収納|13-14インチPC収納|15-16インチPC収納|A4収納|B4収納,メンズ|ビジネス|普段使い|旅行|街歩き,FALSE,FALSE,FALSE,FALSE,FALSE,TRUE,在庫あり
株式会社木和田正昭商店,brfUC10HA,Urban Commuter 2WAY BACK PACK2 HA,53900,beruf baggage,鞄：リュック・デイパック,,,ネイビー|ブラック,NAVY|BLACK,合成繊維,W280×H420×D170mm,約1100g,荷物が増えても機能的構造で快適に。整理収納にも長けた2room仕様。,-,-,-,-,-,-,-,-,https://artisan.itembox.cloud/product/013/000000001307/000000001307-01.jpg?size=l&w=ODAw&t=20240913155324,https://shop.artisan-atelier.net/c/bag/toyooka_kaban/brfUC10HA,ナイロン|撥水|軽量|ボトル収納|タブレット収納|13-14インチPC収納|15-16インチPC収納|A4収納|B4収納,メンズ|ビジネス|普段使い|旅行|街歩き,FALSE,FALSE,FALSE,FALSE,FALSE,TRUE,在庫あり
株式会社木和田正昭商店,CW001,craftsmanship バレキラウンドZウォレット,28600,craftsmanship,財布：長財布,,,チョコ|ネイビー|ブラック,NAVY|BLACK|BROWN,天然皮革・本革,W200×H95×D20mm,約300g,ヤワじゃない、ハードな手触り。craftsmanshipが宿る、洗練を究めた「男の長財布」。,-,-,-,-,-,-,-,-,https://artisan.itembox.cloud/product/003/000000000348/000000000348-15.jpg?size=l&w=ODAw&t=20200220112714,https://shop.artisan-atelier.net/c/goods/toyookawallet/CW001,牛革,メンズ|普段使い|ギフト,FALSE,FALSE,FALSE,FALSE,FALSE,TRUE,在庫あり
株式会社木和田正昭商店,CW002,craftsmanship バレキ二つ折ウォレット,22000,craftsmanship,財布：コンパクト財布,,,チョコ|ネイビー|ブラック,NAVY|BLACK|BROWN,天然皮革・本革,W110×H95×D15mm,約100g,長い時間と幾つもの工程を重ねて辿り着いた素敵な革を、職人が丁寧に丁寧に仕上げた。,-,-,-,-,-,-,-,-,https://artisan.itembox.cloud/product/003/000000000347/000000000347-08.jpg?size=l&w=ODAw&t=20200220112605,https://shop.artisan-atelier.net/c/goods/toyookawallet/CW002,牛革,メンズ|普段使い|ギフト,FALSE,FALSE,TRUE,TRUE,FALSE,TRUE,在庫あり
株式会社木和田正昭商店,CW003,craftsmanship バレキ名刺入れ,13200,craftsmanship,小物：名刺入れ、カード入れ,,,チョコ|ネイビー|ブラック,NAVY|BLACK|BROWN,天然皮革・本革,W115×H70×D15mm,約50g,小物から見える、その人のこだわり。ジャケットの奥に、さりげないエレガントを。,-,-,-,-,-,-,-,-,https://artisan.itembox.cloud/product/003/000000000346/000000000346-08.jpg?size=l&w=ODAw&t=20200220112154,https://shop.artisan-atelier.net/c/goods/toyookawallet/CW003,牛革,メンズ|ビジネス|普段使い|ギフト,FALSE,FALSE,FALSE,FALSE,FALSE,TRUE,在庫あり
株式会社木和田正昭商店,CW010,craftsmanship AI(藍) Jacket Wallet Long,52800,craftsmanship,財布：長財布,,,勝色,OTHER,天然皮革・本革,W190×H90×D20mm,約100g,藍染の美しさ際立つ贅沢な仕上がり。自分だけの経年変化を愉しむ長財布。,-,-,-,-,-,-,-,-,https://artisan.itembox.cloud/product/012/000000001297/000000001297-01.jpg?size=l&w=ODAw&t=20240906104540,https://shop.artisan-atelier.net/c/goods/toyookawallet/CW010,牛革|藍染,メンズ|普段使い|ギフト,FALSE,FALSE,FALSE,FALSE,FALSE,TRUE,在庫あり
株式会社木和田正昭商店,CW011,craftsmanship AI(藍) Bifold Wallet,37400,craftsmanship,財布：コンパクト財布,,,勝色,OTHER,天然皮革・本革,W110×H95×D15mm,約50g,ベーシックな仕様でありながら、素材を語る。品格重視派におすすめの2つ折り財布。,-,-,-,-,-,-,-,-,https://artisan.itembox.cloud/product/012/000000001298/000000001298-01.jpg?size=l&w=ODAw&t=20240906105751,https://shop.artisan-atelier.net/c/goods/toyookawallet/CW011,牛革|藍染,メンズ|普段使い|ギフト,FALSE,FALSE,FALSE,FALSE,FALSE,TRUE,在庫あり
株式会社木和田正昭商店,CW012,craftsmanship AI(藍) Jacket Wallet Short,40700,craftsmanship,財布：コンパクト財布,,,勝色,OTHER,天然皮革・本革,W70×H115×D15mm,約90g,ジャケットの内ポケットにスマートに収まる2つ折り財布。,-,-,-,-,-,-,-,-,https://artisan.itembox.cloud/product/012/000000001299/000000001299-01.jpg?size=l&w=ODAw&t=20240906111748,https://shop.artisan-atelier.net/c/goods/toyookawallet/CW012,牛革|藍染,メンズ|普段使い|ギフト,FALSE,FALSE,FALSE,FALSE,FALSE,TRUE,在庫あり
株式会社木和田正昭商店,CW013,craftsmanship AI(藍) Card Case,24200,craftsmanship,小物：名刺入れ、カード入れ,,,勝色,OTHER,天然皮革・本革,W110×H70×D15mm,約40g,熟練職人の業と伝統的手法が織りなす、ビジネスに映える本藍染の名刺入れ。,-,-,-,-,-,-,-,-,https://artisan.itembox.cloud/product/013/000000001300/000000001300-01.jpg?size=l&w=ODAw&t=20240906113111,https://shop.artisan-atelier.net/c/goods/toyookawallet/CW013,牛革|藍染,メンズ|普段使い|ギフト,FALSE,FALSE,FALSE,FALSE,FALSE,TRUE,在庫あり
株式会社木和田正昭商店,HLB100,haaki Leather Pueblo Tote Bag,50600,haaki Leather,鞄：トート,,,コニャック|チョコラート|ネロ,BROWN,天然皮革・本革,W340×H270×D100mm,約450g,革の魅力を余すところなく。いつも寄り添い生きているようなトートバッグ。,-,-,-,-,-,-,-,-,https://artisan.itembox.cloud/product/013/000000001320/000000001320-08.jpg?size=l&w=ODAw&t=20241206104018,https://shop.artisan-atelier.net/c/bag/toyooka_kaban/HLB100,牛革|ボトル収納|タブレット収納,ユニセックス|メンズ|レディース|普段使い,TRUE,FALSE,TRUE,TRUE,TRUE,TRUE,在庫あり
株式会社木和田正昭商店,HLB101,haaki Leather Pueblo Shoulder Bag,35200,haaki Leather,鞄：ショルダー,,,コニャック|チョコラート|ネロ,BROWN,天然皮革・本革,W180×H210×D15mm,約200g,時の経過とともに増す存在感。上質の革を手仕事で仕上げた逸品ショルダー。,-,-,-,-,-,-,-,-,https://artisan.itembox.cloud/product/013/000000001321/000000001321-08.jpg?size=l&w=ODAw&t=20241206105308,https://shop.artisan-atelier.net/c/bag/toyooka_kaban/HLB101,牛革,ユニセックス|メンズ|レディース|普段使い,FALSE,FALSE,FALSE,FALSE,FALSE,TRUE,在庫あり
株式会社木和田正昭商店,HLC500,haaki Leather Pueblo Card Case,16500,haaki Leather,小物：名刺入れ、カード入れ,,,グリージオ|コニャック|ネロ,BROWN,天然皮革・本革,W104×H67×D17mm,約45g,手縫いのステッチが特徴。大切な人に贈りたい、長く愛される革小物。,-,-,-,-,-,-,-,-,https://artisan.itembox.cloud/product/013/000000001348/000000001348-07.jpg?size=l&w=ODAw&t=20250424170322,https://shop.artisan-atelier.net/c/goods/toyookawallet/HLC500,牛革,ユニセックス|メンズ|レディース|普段使い|ギフト,FALSE,FALSE,FALSE,FALSE,FALSE,TRUE,在庫あり
株式会社木和田正昭商店,HLC501,haaki Leather Key Case,16500,haaki Leather,小物：キーケース・キーホルダー,,,ヴィーノ|グリージオ|コニャック|ネロ,RED|BROWN,天然皮革・本革,W100×H60×D25mm,約100g,味のある革と上品なホックがポイント。小さくても存在感のある革小物。,-,-,-,-,-,-,-,-,https://artisan.itembox.cloud/product/013/000000001349/000000001349-06.jpg?size=l&w=ODAw&t=20250424172755,https://shop.artisan-atelier.net/c/goods/toyookawallet/HLC501,牛革,ユニセックス|メンズ|レディース|普段使い|ギフト,FALSE,FALSE,FALSE,FALSE,FALSE,TRUE,在庫あり
株式会社木和田正昭商店,HLC501A,haaki Leather Ai (藍) Key Case,22000,haaki Leather,小物：キーケース・キーホルダー,,,勝色,OTHER,天然皮革・本革,,,,-,-,-,-,-,-,-,-,https://shop.artisan-atelier.net/img/toyookawallet.svg,,牛革|藍染,ユニセックス|メンズ|レディース|普段使い|ギフト,FALSE,FALSE,FALSE,FALSE,FALSE,TRUE,取寄せ
株式会社木和田正昭商店,HLC502,haaki Leather Pen Case,15400,haaki Leather,小物：その他小物,,,ヴィーノ|グリージオ|コニャック|ネロ,RED|BROWN,天然皮革・本革,W170×H50×D20mm,約10g,お気に入りのペンと一緒に鞄へ収める。特別なペンケース。,-,-,-,-,-,-,-,-,https://artisan.itembox.cloud/product/013/000000001350/000000001350-01.jpg?size=l&w=ODAw&t=20250424174212,https://shop.artisan-atelier.net/c/goods/toyookawallet/HLC502,牛革,ユニセックス|メンズ|レディース|普段使い|ギフト,FALSE,FALSE,FALSE,FALSE,FALSE,TRUE,在庫あり
株式会社木和田正昭商店,HLW300,haaki Leather Long Wallet,68200,haaki Leather,財布：長財布,,,グリージオ|コニャック|ネロ,BROWN,天然皮革・本革,W200×H100×D30mm,約300g,いきいきとした革の表情、この手触り。時を経て、世界に1つの財布となる。,-,-,-,-,-,-,-,-,https://artisan.itembox.cloud/product/012/000000001256/000000001256-06.jpg?size=l&w=ODAw&t=20240410091129,https://shop.artisan-atelier.net/c/goods/toyookawallet/HLW300,牛革,ユニセックス|メンズ|レディース|普段使い|ギフト,TRUE,FALSE,TRUE,TRUE,FALSE,TRUE,在庫あり
株式会社木和田正昭商店,HLW301,haaki Leather Bifold Wallet,41800,haaki Leather,財布：コンパクト財布,,,グリージオ|コニャック|ネロ,BROWN,天然皮革・本革,W115×H90×D27mm,約128g,革の表情、磨かれた断面、手縫いの糸、金具。全てが整った美しいプロダクト。,-,-,-,-,-,-,-,-,https://artisan.itembox.cloud/product/012/000000001257/000000001257-01.jpg?size=l&w=ODAw&t=20240410115428,https://shop.artisan-atelier.net/c/goods/toyookawallet/HLW301,牛革,ユニセックス|メンズ|レディース|普段使い|ギフト,FALSE,FALSE,FALSE,FALSE,FALSE,TRUE,在庫あり
株式会社木和田正昭商店,HLW301A,haaki Leather Ai (藍) Bifold Wallet,71500,haaki Leather,財布：コンパクト財布,,,勝色,OTHER,天然皮革・本革,,,,-,-,-,-,-,-,-,-,https://shop.artisan-atelier.net/img/toyookawallet.svg,,牛革|藍染,ユニセックス|メンズ|レディース|普段使い|ギフト,FALSE,FALSE,FALSE,FALSE,FALSE,TRUE,取寄せ
株式会社木和田正昭商店,HLW302,haaki Leather Pueblo Mini Wallet,30800,haaki Leather,財布：コンパクト財布,,,グリージオ|コニャック|ネロ,BROWN,天然皮革・本革,W104×H80×D25mm,約83g,小さくても手に伝わってくる存在感。最小限のカード＋小銭の携帯に便利。,-,-,-,-,-,-,-,-,https://artisan.itembox.cloud/product/012/000000001258/000000001258-01.jpg?size=l&w=ODAw&t=20240410131024,https://shop.artisan-atelier.net/c/goods/toyookawallet/HLW302,牛革,ユニセックス|メンズ|レディース|普段使い|ギフト,FALSE,FALSE,FALSE,FALSE,FALSE,TRUE,在庫あり
株式会社木和田正昭商店,HLW302A,haaki Leather Ai (藍) Mini Wallet,51700,haaki Leather,財布：コンパクト財布,,,勝色,OTHER,天然皮革・本革,,,,-,-,-,-,-,-,-,-,https://shop.artisan-atelier.net/img/toyookawallet.svg,,牛革|藍染,ユニセックス|メンズ|レディース|普段使い|ギフト,FALSE,FALSE,FALSE,FALSE,FALSE,TRUE,取寄せ
株式会社木和田正昭商店,HLW304,haaki Leather Veined Wave Coin Purse,25300,haaki Leather,小物：コインケース,,,グリージオ|コニャック|チョコラート|ネロ,BROWN,天然皮革・本革,W100×H70×D20mm,約70g,持つたびに愛着が深まる、ミニウォレット。,-,-,-,-,-,-,-,-,https://artisan.itembox.cloud/product/014/000000001456/000000001456-07.jpg?size=l&w=ODAw&t=20260204111546,https://shop.artisan-atelier.net/c/goods/toyookawallet/HLW304,牛革,ユニセックス|メンズ|レディース|普段使い|ギフト,FALSE,FALSE,FALSE,FALSE,FALSE,TRUE,在庫あり
株式会社木和田正昭商店,HLW305,haaki Leather Veined Wave Long Wallet,44000,haaki Leather,財布：長財布,,,グリージオ|コニャック|ネロ,BROWN,天然皮革・本革,W195×H90×D25mm,約185g,使うほどに完成する、プエブロレザーの長財布。,-,-,-,-,-,-,-,-,https://artisan.itembox.cloud/product/014/000000001457/000000001457-08.jpg?size=l&w=ODAw&t=20260204113129,https://shop.artisan-atelier.net/c/goods/toyookawallet/HLW305,牛革,ユニセックス|メンズ|レディース|普段使い|ギフト,FALSE,FALSE,FALSE,FALSE,FALSE,TRUE,在庫あり
株式会社木和田正昭商店,HLW305A,haaki Leather Ai (藍) Long Wallet,77000,haaki Leather,財布：長財布,,,勝色,OTHER,天然皮革・本革,,,,-,-,-,-,-,-,-,-,https://shop.artisan-atelier.net/img/toyookawallet.svg,,牛革|藍染,ユニセックス|メンズ|レディース|普段使い|ギフト,FALSE,FALSE,FALSE,FALSE,FALSE,TRUE,取寄せ
株式会社木和田正昭商店,S1500,TUTUMU Study,37400,TUTUMU,鞄：リュック・デイパック,,,グレー|ブラック,GRAY|BLACK,合成繊維,W280×H430×D140mm,約840g,通勤・通学からトラベルまで幅広く活躍。ナチュラルテイストのデイパック。,-,-,-,-,-,-,-,-,https://artisan.itembox.cloud/product/003/000000000322/000000000322-17.jpg?size=l&w=ODAw&t=20200109192315,https://shop.artisan-atelier.net/c/bag/toyooka_kaban/S1500,ナイロン|撥水|軽量|ボトル収納|タブレット収納|13-14インチPC収納|15-16インチPC収納|A4収納,レディース|普段使い|旅行|街歩き,FALSE,FALSE,FALSE,FALSE,FALSE,TRUE,在庫あり
株式会社木和田正昭商店,S1800,TUTUMU Marche mini,20900,TUTUMU,鞄：トート,,,カーキ|キナリ|グレー|ネイビー,GREEN|NAVY|GRAY|WHITE,合成繊維,W350×H240×D230mm,約470g,「かごbag」をイメージして作られたとっても便利な大人気トート。,-,-,-,-,-,-,-,-,https://artisan.itembox.cloud/product/001/000000000155/000000000155-09.jpg?size=l&w=ODAw&t=20200701033851,https://shop.artisan-atelier.net/c/bag/toyooka_kaban/S1800,ナイロン|撥水|軽量|ボトル収納|タブレット収納,レディース|普段使い|旅行|街歩き,FALSE,FALSE,FALSE,FALSE,FALSE,TRUE,在庫あり
株式会社木和田正昭商店,S1802,TUTUMU SP Marche mini,19800,TUTUMU,鞄：トート,,,グレージュ|マロン,GRAY|BROWN|BEIGE,合成繊維,W350×H240×D230mm,約400g,大人気の「つつむトート」シリーズに、クラシックナイロンタイプ登場。,-,-,-,-,-,-,-,-,https://artisan.itembox.cloud/product/001/000000000153/000000000153-07.jpg?size=l&w=ODAw&t=20200219144951,https://shop.artisan-atelier.net/c/bag/toyooka_kaban/S1802,ナイロン|撥水|軽量|ボトル収納|タブレット収納,レディース|普段使い|旅行|街歩き,FALSE,FALSE,FALSE,FALSE,FALSE,TRUE,在庫あり
株式会社木和田正昭商店,S1805,TUTUMU Marche mini G/S,20900,TUTUMU,鞄：トート,,,キナリ|グレー|ネイビー,NAVY|GRAY|WHITE,合成繊維,W350×H240×D230mm,約450g,人気モデルが大人っぽく進化。シルバーレザーのハンドルが素材の新たな魅力を引き出す。,-,-,-,-,-,-,-,-,https://artisan.itembox.cloud/product/001/000000000110/000000000110-01.jpg?size=l&w=ODAw&t=20191227112500,https://shop.artisan-atelier.net/c/bag/toyooka_kaban/S1805,ナイロン|撥水|軽量|ボトル収納|タブレット収納,レディース|普段使い|旅行|街歩き,FALSE,FALSE,FALSE,FALSE,FALSE,TRUE,在庫あり
株式会社木和田正昭商店,S2000,TUTUMU News paper tote,26400,TUTUMU,鞄：トート,,,カーキ|キナリ|キナリ×カーキ|キナリ×グレー|キナリ×ネイビー|グレー|ネイビー|ブラック,GREEN|NAVY|GRAY|WHITE|BLACK,合成繊維,W310×H350×D190mm,約650g,軽くてたっぷり入る快適２Way。ペアで揃えても楽しい豊富なカラバリ。,-,-,-,-,-,-,-,-,https://artisan.itembox.cloud/product/001/000000000152/000000000152-22.jpg?size=l&w=ODAw&t=20200109191103,https://shop.artisan-atelier.net/c/bag/toyooka_kaban/S2000,ナイロン|撥水|軽量|ボトル収納|タブレット収納,レディース|普段使い|旅行|街歩き,TRUE,FALSE,TRUE,FALSE,FALSE,TRUE,在庫あり
株式会社木和田正昭商店,S2100,TUTUMU books,30800,TUTUMU,鞄：リュック・デイパック,,,カーキ|キナリ|グレー|ネイビー|ブラック,GREEN|NAVY|GRAY|WHITE|BLACK,合成繊維,W250×H440×D170mm,約700g,スマートなフォルムでもB4まで収納。お気に入りの本をたっぷりつめて。,-,-,-,-,-,-,-,-,https://artisan.itembox.cloud/product/003/000000000321/000000000321-22.jpg?size=l&w=ODAw&t=20200424145328,https://shop.artisan-atelier.net/c/bag/toyooka_kaban/S2100,ナイロン|撥水|軽量|ボトル収納|タブレット収納|13-14インチPC収納|15-16インチPC収納|B4収納,レディース|普段使い|旅行|街歩き,FALSE,FALSE,FALSE,FALSE,FALSE,TRUE,在庫あり
株式会社木和田正昭商店,S2200,TUTUMU Marche M,24200,TUTUMU,鞄：トート,,,カーキ|キナリ|グレー|ネイビー,GREEN|NAVY|GRAY|WHITE,合成繊維,W380×H300×D200mm,約600g,軽量でたっぷり収納。外ポケットも便利。TUTUMUの定番肩掛けトート。,-,-,-,-,-,-,-,-,https://artisan.itembox.cloud/product/001/000000000151/000000000151-20.jpg?size=l&w=ODAw&t=20200701032600,https://shop.artisan-atelier.net/c/bag/toyooka_kaban/S2200,ナイロン|撥水|軽量|ボトル収納|タブレット収納,レディース|普段使い|旅行|街歩き,FALSE,FALSE,FALSE,FALSE,FALSE,TRUE,在庫あり
株式会社木和田正昭商店,S2200FB,For The Blue Marche Tote M,23100,TUTUMU,鞄：トート,,for the Blue,オーシャンブルー|サンドベージュ|ディープブルー,BLUE|BEIGE,合成繊維,W380×H300×D200mm,約400g,TUTUMU定番人気の肩掛けトートが、SDGｓの軽量ナイロンモデルで登場。,-,-,-,-,-,-,-,-,https://artisan.itembox.cloud/product/008/000000000859/000000000859-07.jpg?size=l&w=ODAw&t=20210928093056,https://shop.artisan-atelier.net/c/bag/toyooka_kaban/S2200FB,ナイロン|軽量|ボトル収納|タブレット収納,レディース|普段使い|旅行|街歩き,FALSE,FALSE,FALSE,FALSE,FALSE,TRUE,在庫あり
株式会社木和田正昭商店,S2500,TUTUMU Journey S,20900,TUTUMU,鞄：ショルダー,,,カーキ|キナリ|グレー|ネイビー,GREEN|NAVY|GRAY|WHITE,合成繊維,W260×H280×D130mm,約300g,ファスナー+ホック式でこの軽さ。革ベルトが特徴のお散歩ショルダー。,-,-,-,-,-,-,-,-,https://artisan.itembox.cloud/product/002/000000000216/000000000216-19.jpg?size=l&w=ODAw&t=20191227164857,https://shop.artisan-atelier.net/c/bag/toyooka_kaban/S2500,ナイロン|撥水|軽量|ボトル収納,レディース|普段使い|旅行|街歩き,FALSE,FALSE,FALSE,FALSE,FALSE,TRUE,在庫あり
株式会社木和田正昭商店,S2700,TUTUMU Cube,24200,TUTUMU,鞄：ショルダー,,,カーキ|キナリ|グレー|ネイビー,GREEN|NAVY|GRAY|WHITE,合成繊維,W260×H220×D180mm,約500g,コロンとしたキュートなフォルムで、みんなの人気者。巾着袋も付いたTUTUMU流バケツバッグ。,-,-,-,-,-,-,-,-,https://artisan.itembox.cloud/product/002/000000000215/000000000215-12.jpg?size=l&w=ODAw&t=20191227162307,https://shop.artisan-atelier.net/c/bag/toyooka_kaban/S2700,ナイロン|撥水|軽量|ボトル収納,レディース|普段使い|旅行|街歩き,FALSE,FALSE,FALSE,FALSE,FALSE,TRUE,在庫あり
株式会社木和田正昭商店,S3100,TUTUMU お散歩WALLET,19800,TUTUMU,鞄：ミニショルダー・ポーチ,,,カーキ|キナリ|グレー|ネイビー,GREEN|NAVY|GRAY|WHITE,合成繊維,W220×H135×D20mm,約300g,TUTUMUのお財布バッグ。長めのショルダーでスマートにかわいらしく。,-,-,-,-,-,-,-,-,https://artisan.itembox.cloud/product/002/000000000203/000000000203-08.jpg?size=l&w=ODAw&t=20191227141048,https://shop.artisan-atelier.net/c/bag/toyooka_kaban/S3100,ナイロン|撥水|軽量|コンパクト,レディース|普段使い|旅行|街歩き,FALSE,FALSE,TRUE,FALSE,TRUE,TRUE,在庫あり
株式会社木和田正昭商店,S3101,TUTUMU スェードお散歩WALLET,18700,TUTUMU,鞄：ミニショルダー・ポーチ,,,オールドローズ|サンド|ミックスグレー|ミント,PINK|GREEN|GRAY|BEIGE|OTHER,人工・合成皮革,W230×H155×D30mm,約200g,軽さ、使いやすさ、愛らしいフォルム。お財布ショルダーの秋冬ver。,-,-,-,-,-,-,-,-,https://artisan.itembox.cloud/product/003/000000000337/000000000337-10.jpg?size=l&w=ODAw&t=20200915115723,https://shop.artisan-atelier.net/c/bag/toyooka_kaban/S3101,スエード|軽量|コンパクト,レディース|普段使い|旅行|街歩き,FALSE,FALSE,FALSE,FALSE,FALSE,TRUE,在庫あり
株式会社木和田正昭商店,S3200,TUTUMU tre tote,25300,TUTUMU,鞄：トート,,,オフホワイト|グレー|グレージュ,GRAY|WHITE|BEIGE,合成繊維,W260×H175×D160mm,約400g,トートでもショルダーでも、とにかく可愛い。コロンとスクエア型で、小ぶりながらしっかり収納。,-,-,-,-,-,-,-,-,https://artisan.itembox.cloud/product/001/000000000109/000000000109-13.jpg?size=l&w=ODAw&t=20200420171922,https://shop.artisan-atelier.net/c/bag/toyooka_kaban/S3200,ナイロン|撥水|軽量|ボトル収納,レディース|普段使い|旅行|街歩き,TRUE,FALSE,FALSE,FALSE,TRUE,TRUE,在庫あり
株式会社木和田正昭商店,S3200RI,TUTUMU tre tote Rich,24200,TUTUMU,鞄：トート,,,シルバーグレー|ブラック,METALLIC|GRAY|BLACK,合成繊維,W260×H175×D160mm,約400g,収納性と使いやすさが人気の「tre tote」を、上品で少し大人っぽい素材で。,-,-,-,-,-,-,-,-,https://artisan.itembox.cloud/product/011/000000001178/000000001178-06.jpg?size=l&w=ODAw&t=20230621105332,https://shop.artisan-atelier.net/c/bag/toyooka_kaban/S3200RI,ナイロン|撥水|軽量|ボトル収納,レディース|普段使い|旅行|街歩き,FALSE,FALSE,FALSE,FALSE,FALSE,TRUE,在庫あり
株式会社木和田正昭商店,S3201,TUTUMU スェード tre tote,24200,TUTUMU,鞄：トート,,,オールドローズ|サンド|ミックスグレー|ミント|ライム,PINK|YELLOW|GREEN|GRAY|BEIGE|OTHER,人工・合成皮革,W260×H175×D160mm,約400g,お弁当、長財布、小物、、色々収めてスッキリ整理。コロンと可愛いフォルムの「tre tote」から、秋冬ver登場。,-,-,-,-,-,-,-,-,https://artisan.itembox.cloud/product/004/000000000454/000000000454-34.jpg?size=l&w=ODAw&t=20230915173621,https://shop.artisan-atelier.net/c/bag/toyooka_kaban/S3201,スエード|撥水|軽量|ボトル収納,レディース|普段使い|旅行|街歩き,FALSE,FALSE,FALSE,FALSE,FALSE,TRUE,在庫あり
株式会社木和田正昭商店,S3300,TUTUMU ミニウォレット,6050,TUTUMU,財布：コンパクト財布,,,カーキ|キナリ|グレー|ネイビー,GREEN|NAVY|GRAY|WHITE,合成繊維,W130×H100×D15mm,約100g,いつものTUTUMUから、便利で可愛いミニサイズのお財布登場。,-,-,-,-,-,-,-,-,https://artisan.itembox.cloud/product/003/000000000381/000000000381-08.jpg?size=l&w=ODAw&t=20191226194950,https://shop.artisan-atelier.net/c/bag/toyooka_kaban/S3300,ナイロン|撥水,ユニセックス|メンズ|レディース|普段使い|ギフト,FALSE,FALSE,FALSE,FALSE,FALSE,TRUE,在庫あり
株式会社木和田正昭商店,S3400,TUTUMU Fly tote,27500,TUTUMU,鞄：トート,,,カーキ|キナリ|グレー|ネイビー|ブラック,GREEN|NAVY|GRAY|WHITE|BLACK,合成繊維,W340×H340×D100mm,約600g,A4収納、2WAY、使い方いろいろ。ポケットも工夫された「賢いbag」。,-,-,-,-,-,-,-,-,https://artisan.itembox.cloud/product/001/000000000105/000000000105-17.jpg?size=l&w=ODAw&t=20200424145221,https://shop.artisan-atelier.net/c/bag/toyooka_kaban/S3400,ナイロン|撥水|軽量|ボトル収納|タブレット収納|13-14インチPC収納|A4収納,レディース|普段使い|旅行|街歩き,FALSE,FALSE,FALSE,FALSE,FALSE,TRUE,在庫あり
株式会社木和田正昭商店,S3600,TUTUMU Marche petit,23100,TUTUMU,鞄：ショルダー,,,オフホワイト|グレー|グレージュ,GRAY|WHITE|BEIGE,合成繊維,W300×H190×D160mm,約300g,大人気マルシェから、ショルダーでも使える待望のミニサイズ登場。,-,-,-,-,-,-,-,-,https://artisan.itembox.cloud/product/001/000000000103/000000000103-10.jpg?size=l&w=ODAw&t=20200701031356,https://shop.artisan-atelier.net/c/bag/toyooka_kaban/S3600,ナイロン|撥水|軽量|ボトル収納,レディース|普段使い|旅行|街歩き,TRUE,FALSE,TRUE,TRUE,FALSE,TRUE,在庫あり
株式会社木和田正昭商店,S3600FB,For The Blue Marche Petit,23100,TUTUMU,鞄：ショルダー,,for the Blue,オーシャンブルー|サンドベージュ|ディープブルー,BLUE|BEIGE,合成繊維,W300×H190×D160mm,約300g,青く美しい海を想い。サスティナブルなMarche Petit。,-,-,-,-,-,-,-,-,https://artisan.itembox.cloud/product/008/000000000860/000000000860-25.jpg?size=l&w=ODAw&t=20231022164014,https://shop.artisan-atelier.net/c/bag/toyooka_kaban/S3600FB,ナイロン|撥水|軽量|ボトル収納,レディース|普段使い|旅行|街歩き,FALSE,FALSE,FALSE,FALSE,FALSE,TRUE,在庫あり
株式会社木和田正昭商店,S3601,TUTUMU スェード Marche petit,24200,TUTUMU,鞄：ショルダー,,,オールドローズ|サンド|ミックスグレー|ミント,PINK|GREEN|GRAY|BEIGE|OTHER,人工・合成皮革,W300×H190×D160mm,約400g,お気に入りのコートに合わせたい。大人気「Marche petit」から、やさしい質感の秋冬ver登場。,-,-,-,-,-,-,-,-,https://artisan.itembox.cloud/product/004/000000000455/000000000455-10.jpg?size=l&w=ODAw&t=20200915115431,https://shop.artisan-atelier.net/c/bag/toyooka_kaban/S3601,スエード|軽量|ボトル収納,レディース|普段使い|旅行|街歩き,FALSE,FALSE,FALSE,FALSE,FALSE,TRUE,在庫あり
株式会社木和田正昭商店,S3700,TUTUMU HIKE,34100,TUTUMU,鞄：リュック・デイパック,,,オフホワイト|グレー|グレージュ,GRAY|WHITE|BEIGE,合成繊維,W300×H440×D160mm,約800g,シワ感と張りがある素敵な素材でできた、丸みのある柔らかシルエット。雨に強い工夫も嬉しい。,-,-,-,-,-,-,-,-,https://artisan.itembox.cloud/product/002/000000000293/000000000293-06.jpg?size=l&w=ODAw&t=20191225140659,https://shop.artisan-atelier.net/c/bag/toyooka_kaban/S3700,ナイロン|撥水|軽量|ボトル収納|タブレット収納|13-14インチPC収納|A4収納,レディース|普段使い|旅行|街歩き,FALSE,FALSE,FALSE,FALSE,FALSE,TRUE,在庫あり
株式会社木和田正昭商店,S3700RI,TUTUMU Hike Rich,35200,TUTUMU,鞄：リュック・デイパック,,,シルバーグレー|ブラック,METALLIC|GRAY|BLACK,合成繊維,W300×H440×D160mm,約800g,収納上手・軽い・雨に強い。あの、デキるリュック「Hike」が、きれいめモードに変身。,-,-,-,-,-,-,-,-,https://artisan.itembox.cloud/product/011/000000001194/000000001194-06.jpg?size=l&w=ODAw&t=20230816141328,https://shop.artisan-atelier.net/c/bag/toyooka_kaban/S3700RI,ナイロン|撥水|軽量|ボトル収納|タブレット収納|13-14インチPC収納|A4収納,レディース|普段使い|旅行|街歩き,FALSE,FALSE,FALSE,FALSE,FALSE,TRUE,在庫あり
株式会社木和田正昭商店,S3900,TUTUMU Flap,24200,TUTUMU,鞄：ショルダー,,,カーキ|キナリ|グレー|ブラック,GREEN|GRAY|WHITE|BLACK,合成繊維,W250×H190×D100mm,約410g,出し入れも整理もカンタン。フラップ仕様の軽やかショルダー。,-,-,-,-,-,-,-,-,https://artisan.itembox.cloud/product/005/000000000543/000000000543-32.jpg?size=l&w=ODAw&t=20221016101503,https://shop.artisan-atelier.net/c/bag/toyooka_kaban/S3900,ナイロン|撥水|軽量|ボトル収納,レディース|普段使い|旅行|街歩き,FALSE,FALSE,FALSE,FALSE,FALSE,TRUE,在庫あり
株式会社木和田正昭商店,S4000,TUTUMU Flap Mini,22000,TUTUMU,鞄：ショルダー,,,カーキ|キナリ|グレー|ネイビー|ブラック,GREEN|NAVY|GRAY|WHITE|BLACK,合成繊維,W220×H170×D100mm,約400g,お散歩の時は、いつも寄り添う。フラップが特徴の可愛い mini bag。,-,-,-,-,-,-,-,-,https://artisan.itembox.cloud/product/005/000000000544/000000000544-10.jpg?size=l&w=ODAw&t=20210628183725,https://shop.artisan-atelier.net/c/bag/toyooka_kaban/S4000,ナイロン|撥水|軽量|ボトル収納,レディース|普段使い|旅行|街歩き,FALSE,FALSE,FALSE,FALSE,FALSE,TRUE,在庫あり
株式会社木和田正昭商店,S4100,TUTUMU tre boston bag,27500,TUTUMU,鞄：ボストン,,,オフホワイト|グレー|グレージュ,GRAY|WHITE|BEIGE,合成繊維,W290×H220×D160mm,約500g,ご要望から誕生したTUTUMU tore toteのたっぷりサイズ。ファスナーで大きく開き取り出しやすいミニボストン。,-,-,-,-,-,-,-,-,https://artisan.itembox.cloud/product/008/000000000829/000000000829-08.jpg?size=l&w=ODAw&t=20210913101725,https://shop.artisan-atelier.net/c/bag/toyooka_kaban/S4100,ナイロン|撥水|軽量|ボトル収納,レディース|普段使い|旅行|街歩き,FALSE,FALSE,FALSE,FALSE,FALSE,TRUE,在庫あり
株式会社木和田正昭商店,S4300,TUTUMU Pocket Nylon,18700,TUTUMU,鞄：ミニショルダー・ポーチ,,,カーキ|キナリ|グレー|ネイビー,GREEN|NAVY|GRAY|WHITE,合成繊維,W120×H210×D20mm,約180g,小物収納に便利、安心のマチ付。コンパクトでも機能的で賢いミニショルダー。,-,-,-,-,-,-,-,-,https://artisan.itembox.cloud/product/010/000000001044/000000001044-09.jpg?size=l&w=ODAw&t=20221005163917,https://shop.artisan-atelier.net/c/bag/toyooka_kaban/S4300,ナイロン|撥水|軽量|コンパクト,レディース|普段使い|旅行|街歩き,FALSE,FALSE,FALSE,FALSE,FALSE,TRUE,在庫あり
株式会社木和田正昭商店,S4400,TUTUMU Pocket Leather,22000,TUTUMU,鞄：ミニショルダー・ポーチ,,,グレー|スカイ|ダークグリーン|トープ|ブラック,GREEN|BLUE|GRAY|BLACK|BEIGE,天然皮革・本革,W120×H210×D20mm,約200g,使い勝手抜群。小物を分けて整理ができる、レザーのミニショルダー。,-,-,-,-,-,-,-,-,https://artisan.itembox.cloud/product/010/000000001045/000000001045-08.jpg?size=l&w=ODAw&t=20220928170518,https://shop.artisan-atelier.net/c/bag/toyooka_kaban/S4400,牛革|軽量|コンパクト,レディース|普段使い|旅行|街歩き,FALSE,FALSE,FALSE,FALSE,FALSE,TRUE,在庫あり
株式会社木和田正昭商店,S4500RI,TUTUMU body bag Rich,18700,TUTUMU,鞄：ボディ・ウエスト,,,シルバーグレー|ブラック,METALLIC|GRAY|BLACK,合成繊維,W230×H130×D70mm,約200g,財布・スマホ・小さめペットボトルなどがピッタリ収まる絶妙サイズ。とっても軽いTUTUMUのボディバッグ。,-,-,-,-,-,-,-,-,https://artisan.itembox.cloud/product/011/000000001195/000000001195-07.jpg?size=l&w=ODAw&t=20230816142807,https://shop.artisan-atelier.net/c/bag/toyooka_kaban/S4500RI,ナイロン|撥水|軽量,レディース|普段使い|旅行|街歩き,FALSE,FALSE,FALSE,FALSE,FALSE,TRUE,在庫あり
株式会社木和田正昭商店,S4600,TUTUMU Rectangle,23100,TUTUMU,鞄：ショルダー,,,カーキ|キナリ|グレー|ネイビー,GREEN|NAVY|GRAY|WHITE,合成繊維,W220×H140×D90mm,約300g,コンパクトでありながらしっかり収納の優れ２WAYショルダー。,-,-,-,-,-,-,-,-,https://artisan.itembox.cloud/product/013/000000001309/000000001309-09.jpg?size=l&w=ODAw&t=20241004165332,https://shop.artisan-atelier.net/c/bag/toyooka_kaban/S4600,ナイロン|撥水|軽量|ボトル収納|タブレット収納,レディース|普段使い|旅行|街歩き,FALSE,FALSE,FALSE,FALSE,FALSE,TRUE,在庫あり
株式会社木和田正昭商店,S4700RI,TUTUMU sacca Rich,27500,TUTUMU,鞄：ショルダー,,,シルバーグレー|ブラック,METALLIC|GRAY|BLACK,合成繊維,W220×H270×D140mm,約480g,光沢のあるナイロン×レザー仕立て。TUTUMUのドローストリングバッグ。,-,-,-,-,-,-,-,-,https://artisan.itembox.cloud/product/013/000000001325/000000001325-07.jpg?size=l&w=ODAw&t=20250106155555,https://shop.artisan-atelier.net/c/bag/toyooka_kaban/S4700RI,ナイロン|撥水|軽量|ボトル収納|タブレット収納,レディース|普段使い|旅行|街歩き,FALSE,FALSE,FALSE,FALSE,FALSE,TRUE,在庫あり
株式会社木和田正昭商店,S4800GR,TUTUMU 2WAY Colom GRINZA,27500,TUTUMU,鞄：ショルダー,,,カーキ|グレージュ,GREEN|GRAY|BEIGE,合成繊維,W220×H320×D185mm,約350g,カジュアルに使えるシワ加工ナイロン×レザー仕立て。TUTUMUの2WAYバッグ。,-,-,-,-,-,-,-,-,https://artisan.itembox.cloud/product/013/000000001342/000000001342-06.jpg?size=l&w=ODAw&t=20250329175537,https://shop.artisan-atelier.net/c/bag/toyooka_kaban/S4800GR,ナイロン|軽量|ボトル収納|タブレット収納,レディース|普段使い|旅行|街歩き,FALSE,FALSE,FALSE,FALSE,FALSE,TRUE,在庫あり
株式会社木和田正昭商店,S4800RI,TUTUMU 2WAY Colon Rich,27500,TUTUMU,鞄：ショルダー,,,シルバーグレー|ブラック,METALLIC|GRAY|BLACK,合成繊維,W220×H320×D185mm,約400g,光沢のあるナイロン×レザー仕立て。TUTUMUの2WAYバッグ。,-,-,-,-,-,-,-,-,https://artisan.itembox.cloud/product/013/000000001341/000000001341-01.jpg?size=l&w=ODAw&t=20250329173823,https://shop.artisan-atelier.net/c/bag/toyooka_kaban/S4800RI,ナイロン|軽量|ボトル収納|タブレット収納,レディース|普段使い|旅行|街歩き,FALSE,FALSE,FALSE,FALSE,FALSE,TRUE,在庫あり
株式会社木和田正昭商店,S4900,TUTUMU Lesson,26400,TUTUMU,鞄：ショルダー,,,カーキ|キナリ|グレー|ネイビー|ブラック,GREEN|NAVY|GRAY|WHITE|BLACK,合成繊維,W240×H330×D120mm,約500g,習い事も日常も、品よくひとつに。,-,-,-,-,-,-,-,-,https://artisan.itembox.cloud/product/014/000000001452/000000001452-09.jpg?size=l&w=ODAw&t=20260128103149,https://shop.artisan-atelier.net/c/bag/toyooka_kaban/S4900,ナイロン|撥水|軽量|ボトル収納|タブレット収納,レディース|普段使い|旅行|街歩き,FALSE,FALSE,FALSE,FALSE,FALSE,TRUE,在庫あり
株式会社木和田正昭商店,S5000,TUTUMU egg pack,30800,TUTUMU,鞄：リュック・デイパック,,,グレー|ブラック,GRAY|BLACK,合成繊維,W260×H420×D140mm,約600g,たまごのような可愛いフォルム。とっても軽やか休日デイパック。,-,-,-,-,-,-,-,-,https://artisan.itembox.cloud/product/003/000000000320/000000000320-01.jpg?size=l&w=ODAw&t=20200109190035,https://shop.artisan-atelier.net/c/bag/toyooka_kaban/S5000,ナイロン|撥水|軽量|ボトル収納|タブレット収納,レディース|普段使い|旅行|街歩き,FALSE,FALSE,FALSE,FALSE,FALSE,TRUE,在庫あり
株式会社木和田正昭商店,S5100,TUTUMU Mini Boston Nylon,27500,TUTUMU,鞄：ボストン,,,カーキ|キナリ|グレー|ネイビー|ブラック,GREEN|NAVY|GRAY|WHITE|BLACK,合成繊維,W200×H175×D135mm,約350g,毎日にちょうどいい、大人の2WAYミニボストン。,-,-,-,-,-,-,-,-,https://artisan.itembox.cloud/product/014/000000001453/000000001453-09.jpg?size=l&w=ODAw&t=20260128104433,https://shop.artisan-atelier.net/c/bag/toyooka_kaban/S5100,ナイロン|撥水|軽量|ボトル収納|タブレット収納|コンパクト,レディース|普段使い|旅行|街歩き,FALSE,FALSE,FALSE,FALSE,FALSE,TRUE,在庫あり
株式会社木和田正昭商店,S5100AD,TUTUMU Mini Boston Leather,39600,TUTUMU,鞄：ボストン,,,グレー|スカイ|ダークグリーン|トープ|ブラック,GREEN|BLUE|GRAY|BLACK|BEIGE,天然皮革・本革,W200×H175×D135mm,約500g,丸みのあるやさしいフォルムのミニボストン。,-,-,-,-,-,-,-,-,https://artisan.itembox.cloud/product/014/000000001454/000000001454-07.jpg?size=l&w=ODAw&t=20260128110248,https://shop.artisan-atelier.net/c/bag/toyooka_kaban/S5100AD,牛革,レディース|普段使い|旅行|街歩き,FALSE,FALSE,FALSE,FALSE,FALSE,TRUE,取寄せ
株式会社木和田正昭商店,SW200,TUTUMU 伊レザーRFウオレット,26400,TUTUMU,財布：長財布,,,グリーン|グレー|スカイ,GREEN|BLUE|GRAY,天然皮革・本革,W200×H95×D20mm,約197g,美しい革に見合う、美しい縫製。TUTUMUから上品な革財布登場。,-,-,-,-,-,-,-,-,https://artisan.itembox.cloud/product/003/000000000382/000000000382-09.jpg?size=l&w=ODAw&t=20220228114332,https://shop.artisan-atelier.net/c/goods/toyookawallet/SW200,牛革,レディース|普段使い|旅行|街歩き,FALSE,FALSE,FALSE,FALSE,FALSE,TRUE,在庫あり
株式会社木和田正昭商店,SW201,TUTUMU 伊レザーコンパクトウォレット,22000,TUTUMU,財布：コンパクト財布,,,グリーン|グレー|スカイ,GREEN|BLUE|GRAY,天然皮革・本革,W110×H95×D30mm,約137g,2色の革がポイント。カード6枚、お札、小銭、レシートをコンパクトに収納。,-,-,-,-,-,-,-,-,https://artisan.itembox.cloud/product/003/000000000355/000000000355-07.jpg?size=l&w=ODAw&t=20191226173252,https://shop.artisan-atelier.net/c/goods/toyookawallet/SW201,牛革,レディース|普段使い|旅行|街歩き,FALSE,FALSE,FALSE,FALSE,FALSE,TRUE,在庫あり
株式会社木和田正昭商店,SW203,TUTUMU flat,15400,TUTUMU,財布：コンパクト財布,,,グレー|ゴールド|シルバー|スカイ|ダークグリーン|トープ|ブラック,METALLIC|GREEN|BLUE|GRAY|BLACK|BEIGE,天然皮革・本革,W175×H90×D3mm,約50g,革もファスナーも上質なこだわり。ペタンとスリムなTUTUMUの革財布。,-,-,-,-,-,-,-,-,https://artisan.itembox.cloud/product/008/000000000868/000000000868-17.jpg?size=l&w=ODAw&t=20220817111207,https://shop.artisan-atelier.net/c/goods/toyookawallet/SW203,牛革,レディース|普段使い|旅行|街歩き,FALSE,FALSE,FALSE,FALSE,FALSE,TRUE,在庫あり
株式会社木和田正昭商店,WA1000,WALK ABOUT WOODS Rei Waist Bag,9900,WALK ABOUT,鞄：ボディ・ウエスト,,,グリーン|ネイビー|ブラック|レッド,RED|GREEN|NAVY|BLACK,合成繊維,W320×H140×D40mm,約175g,肩に斜め掛け、ウエスト持ちの２WAY。立体的に仕上げた優しいフォルム。,-,-,-,-,-,-,-,-,https://artisan.itembox.cloud/product/007/000000000787/000000000787-06.jpg?size=l&w=ODAw&t=20210514172830,https://shop.artisan-atelier.net/c/bag/toyooka_kaban/WA1000,ナイロン|軽量|コンパクト,ユニセックス|メンズ|レディース|普段使い|旅行|街歩き,FALSE,FALSE,FALSE,FALSE,FALSE,TRUE,在庫あり
株式会社木和田正昭商店,WA1001,WALK ABOUT WOODS Flat Body Bag,5500,WALK ABOUT,鞄：ボディ・ウエスト,,,グリーン|ネイビー|ブラック|レッド,RED|GREEN|NAVY|BLACK,合成繊維,W400×H150×D10mm,約93g,必要最低限を身軽に持つ。WALK ABOUTのフラットボディバッグ,-,-,-,-,-,-,-,-,https://artisan.itembox.cloud/product/007/000000000788/000000000788-01.jpg?size=l&w=ODAw&t=20210514175534,https://shop.artisan-atelier.net/c/bag/toyooka_kaban/WA1001,ナイロン|軽量|コンパクト,ユニセックス|メンズ|レディース|普段使い|旅行|街歩き,FALSE,FALSE,FALSE,FALSE,FALSE,TRUE,在庫あり
株式会社木和田正昭商店,YK2,YOUTA LIZARD 3WAY 横ダレスL,47300,YOUTA,鞄：ダレス,,,チョコ|ネイビー|ブラック,NAVY|BLACK|BROWN,人工・合成皮革,W450×H300×D140mm,約1500g,定番人気モデル「YOUTA横ダレス」の、16インチ想定ワイドサイズ登場。,-,-,-,-,-,-,-,-,https://artisan.itembox.cloud/product/010/000000001081/000000001081-07.jpg?size=l&w=ODAw&t=20221207131909,https://shop.artisan-atelier.net/c/bag/toyooka_kaban/YK2,合成皮革|撥水|軽量|ボトル収納|タブレット収納|13-14インチPC収納|15-16インチPC収納|A4収納|B4収納,メンズ|ビジネス|普段使い|旅行|街歩き,FALSE,FALSE,TRUE,TRUE,FALSE,TRUE,在庫あり
株式会社木和田正昭商店,YK3,YOUTA LIZARD 3WAY縦ダレスL,45100,YOUTA,鞄：ダレス,,,チョコ|ネイビー|ブラック,NAVY|BLACK|BROWN,人工・合成皮革,W350×H400×D150mm,約1400g,たっぷり収納を実現、YOUTA×豊岡鞄。背面ポケットも大きく使いやすく。,-,-,-,-,-,-,-,-,https://artisan.itembox.cloud/product/006/000000000689/000000000689-06.jpg?size=l&w=ODAw&t=20200827165730,https://shop.artisan-atelier.net/c/bag/toyooka_kaban/YK3,合成皮革|撥水|軽量|ボトル収納|タブレット収納|13-14インチPC収納|15-16インチPC収納|A4収納,メンズ|ビジネス|普段使い|旅行|街歩き,FALSE,FALSE,FALSE,FALSE,FALSE,TRUE,在庫あり
株式会社木和田正昭商店,YK30,YOUTA LIZARD 2WAYトート,33000,YOUTA,鞄：トート,,,チョコ|ネイビー|ブラック,NAVY|BLACK|BROWN,人工・合成皮革,W350×H310×D130mm,約1300g,上品でラグジュアリーな存在感。スーツからカジュアルまで活躍、リザード型押しトート。,-,-,-,-,-,-,-,-,https://artisan.itembox.cloud/product/001/000000000102/000000000102-07.jpg?size=l&w=ODAw&t=20191226155303,https://shop.artisan-atelier.net/c/bag/toyooka_kaban/YK-30,合成皮革|撥水|軽量|ボトル収納|タブレット収納|13-14インチPC収納|A4収納,メンズ|ビジネス|普段使い|旅行|街歩き,FALSE,FALSE,FALSE,FALSE,FALSE,TRUE,在庫あり
株式会社木和田正昭商店,YK31,YOUTA LIZARD 2WAY TINYダレス,28600,YOUTA,鞄：ダレス,,,チョコ|ネイビー|ブラック,NAVY|BLACK|BROWN,人工・合成皮革,W260×H160×D115mm,約700g,モバイル・手帳等のミニマム収納としてON/OFF問わず活躍。ショルダースタイルのYOUTAダレス。,-,-,-,-,-,-,-,-,https://artisan.itembox.cloud/product/011/000000001185/000000001185-06.jpg?size=l&w=ODAw&t=20230626101557,https://shop.artisan-atelier.net/c/bag/toyooka_kaban/YK31,合成皮革|撥水|軽量|ボトル収納|コンパクト,メンズ|ビジネス|普段使い|旅行|街歩き,FALSE,FALSE,FALSE,FALSE,FALSE,TRUE,在庫あり
株式会社木和田正昭商店,YK3M,YOUTA LIZARD 3WAY縦ダレス,44000,YOUTA,鞄：ダレス,,,チョコ|ネイビー|ブラック,NAVY|BLACK|BROWN,人工・合成皮革,W330×H360×D135mm,約1300g,手持ちでもリュックでも、貫禄あるエレガント。YOUTAの縦型ダレス。,-,-,-,-,-,-,-,-,https://artisan.itembox.cloud/product/000/000000000023/000000000023-18.jpg?size=l&w=ODAw&t=20191226160802,https://shop.artisan-atelier.net/c/bag/toyooka_kaban/YK3M,合成皮革|撥水|軽量|ボトル収納|タブレット収納|13-14インチPC収納|A4収納,メンズ|ビジネス|普段使い|旅行|街歩き,FALSE,FALSE,FALSE,FALSE,FALSE,TRUE,在庫あり
株式会社木和田正昭商店,YK3ME,YOUTA エルク 3WAY縦ダレス,40700,YOUTA,鞄：ダレス,,,スカイ|ダークグリーン|トープ|ブラック,GREEN|BLUE|BLACK|BEIGE,人工・合成皮革,W330×H360×D135mm,約1300g,ニューモデルは、ナチュラルなハンドルが特徴のシュリンク型押し仕様。,-,-,-,-,-,-,-,-,https://artisan.itembox.cloud/product/007/000000000744/000000000744-23.jpg?size=l&w=ODAw&t=20230602103021,https://shop.artisan-atelier.net/c/bag/toyooka_kaban/YK3ME,合成皮革|撥水|軽量|ボトル収納|タブレット収納|13-14インチPC収納|A4収納,メンズ|ビジネス|普段使い|旅行|街歩き,FALSE,FALSE,FALSE,FALSE,FALSE,TRUE,在庫あり
株式会社木和田正昭商店,YK3XL,YOUTA LIZARD3WAY縦ダレスXL,46200,YOUTA,鞄：ダレス,,,チョコ|ネイビー|ブラック,NAVY|BLACK|BROWN,人工・合成皮革,W360×H400×D160mm,約1500g,たっぷり収納を実現、YOUTA×豊岡鞄の最大モデル。背面ポケットも大きく使いやすく。,-,-,-,-,-,-,-,-,https://artisan.itembox.cloud/product/015/000000001529/000000001529-01.jpg?size=l&w=ODAw&t=20260626162746,https://shop.artisan-atelier.net/c/bag/toyooka_kaban/YK3XL,合成皮革|撥水|軽量|ボトル収納|タブレット収納|13-14インチPC収納|15-16インチPC収納|A4収納,メンズ|ビジネス|普段使い|旅行|街歩き,FALSE,FALSE,FALSE,FALSE,FALSE,TRUE,在庫あり
株式会社木和田正昭商店,YK4E,YOUTA ELK 3WAY横ダレスS,34650,YOUTA,鞄：ダレス,,,スカイ|ダークグリーン|トープ|ブラック,GREEN|BLUE|BLACK|BEIGE,人工・合成皮革,W380×H270×D125mm,約1200g,ジャストサイズで軽く持てる。13インチノートPC・A4ファイル収納対応。,-,-,-,-,-,-,-,-,https://artisan.itembox.cloud/product/011/000000001179/000000001179-23.jpg?size=l&w=ODAw&t=20250131161032,https://shop.artisan-atelier.net/c/bag/toyooka_kaban/YK4E,合成皮革|撥水|軽量|ボトル収納|タブレット収納,レディース|ビジネス|普段使い|旅行|街歩き,FALSE,FALSE,FALSE,FALSE,FALSE,TRUE,在庫あり
株式会社木和田正昭商店,YK56E,YOUTA ELK MINIMUM SDダレス,19800,YOUTA,鞄：ダレス,,,スカイ|ダークグリーン|トープ|ブラック,GREEN|BLUE|BLACK|BEIGE,人工・合成皮革,W110×H180×D90mm,約300g,スマホショルダースタイルのYOUTAダレス。,-,-,-,-,-,-,-,-,https://artisan.itembox.cloud/product/012/000000001268/000000001268-08.jpg?size=l&w=ODAw&t=20240522163304,https://shop.artisan-atelier.net/c/bag/toyooka_kaban/YK56E,合成皮革|撥水|軽量|コンパクト,レディース|ビジネス|普段使い|旅行|街歩き,FALSE,FALSE,FALSE,FALSE,FALSE,TRUE,在庫あり
株式会社木和田正昭商店,YK59E,YOUTA ELK 3WAY横ダレスMINI,33000,YOUTA,鞄：ダレス,,,スカイ|ダークグリーン|トープ,GREEN|BLUE|BEIGE,人工・合成皮革,W300×H200×D125mm,約900g,待望のYOUTAダレス横型B5サイズ。上品かつ個性的な3colorで登場。,-,-,-,-,-,-,-,-,https://artisan.itembox.cloud/product/011/000000001180/000000001180-06.jpg?size=l&w=ODAw&t=20230621115426,https://shop.artisan-atelier.net/c/bag/toyooka_kaban/YK59E,合成皮革|撥水|軽量|ボトル収納|タブレット収納|13-14インチPC収納|A4収納,レディース|ビジネス|普段使い|旅行|街歩き,FALSE,FALSE,FALSE,FALSE,FALSE,TRUE,在庫あり
株式会社木和田正昭商店,YK60,YOUTA ELK 3WAYダレス MINI,30800,YOUTA,鞄：ダレス,,,スカイ|ダークグリーン|トープ,GREEN|BLUE|BEIGE,人工・合成皮革,W249×H300×D110mm,約920g,ダレスの重厚感を残しつつ、ミニマムなサイズ感。華やかで優しいカラーもラインナップ。,-,-,-,-,-,-,-,-,https://artisan.itembox.cloud/product/005/000000000553/000000000553-08.jpg?size=l&w=ODAw&t=20210910103011,https://shop.artisan-atelier.net/c/bag/toyooka_kaban/YK60,合成皮革|撥水|軽量|ボトル収納,レディース|ビジネス|普段使い|旅行|街歩き,FALSE,FALSE,FALSE,FALSE,FALSE,TRUE,在庫あり
株式会社木和田正昭商店,YK7,YOUTA LIZARD3WAY横ダレス,44000,YOUTA,鞄：ダレス,,,チョコ|ネイビー|ブラック,NAVY|BLACK|BROWN,人工・合成皮革,W410×H300×D130mm,約1400g,豪快な存在感と併せ持つ、品の良い繊細さ。虜になる、美しいダレス。,-,-,-,-,-,-,-,-,https://artisan.itembox.cloud/product/000/000000000022/000000000022-19.jpg?size=l&w=ODAw&t=20200219113023,https://shop.artisan-atelier.net/c/bag/toyooka_kaban/YK7,合成皮革|撥水|軽量|ボトル収納|タブレット収納|13-14インチPC収納|15-16インチPC収納|A4収納,メンズ|ビジネス|普段使い|旅行|街歩き,TRUE,FALSE,TRUE,TRUE,FALSE,TRUE,在庫あり
株式会社木和田正昭商店,YK9S,YOUTA ELK 3WAYダレス S,33550,YOUTA,鞄：ダレス,,,スカイ|ダークグリーン|トープ,GREEN|BLUE|BEIGE,人工・合成皮革,W270×H325×D130mm,約1200g,女性もダレスで颯爽と。ジャケットにも映えるダレスリュックSサイズ。,-,-,-,-,-,-,-,-,https://artisan.itembox.cloud/product/005/000000000554/000000000554-06.jpg?size=l&w=ODAw&t=20200427160008,https://shop.artisan-atelier.net/c/bag/toyooka_kaban/YK9S,合成皮革|撥水|軽量|ボトル収納,レディース|ビジネス|普段使い|旅行|街歩き,FALSE,FALSE,FALSE,FALSE,FALSE,TRUE,在庫あり
株式会社木和田正昭商店,YKM59E,YOUTA ELK3Direction ダレスショルダーバッグ,46200,YOUTA,鞄：ビジネス・フォーマル,,,スカイ|ダークグリーン|トープ|ブラック,GREEN|BLUE|BLACK|BEIGE,人工・合成皮革,W300×H210×D80mm,約1000g,男性にも女性にも幅広い世代の方にお使いいただきたい。上品な大人のダレスショルダーバッグ。,-,-,-,-,-,-,-,-,https://artisan.itembox.cloud/product/013/000000001304/000000001304-06.jpg?size=l&w=ODAw&t=20240911115500,https://shop.artisan-atelier.net/c/bag/toyooka_kaban/YKM59E,合成皮革|撥水|軽量|ボトル収納|タブレット収納,メンズ|ビジネス|普段使い|旅行|街歩き,FALSE,FALSE,FALSE,FALSE,FALSE,TRUE,在庫あり
株式会社木和田正昭商店,YKM7,YOUTA LIZARD3Direction ダレスブリーフケース,52800,YOUTA,鞄：ビジネス・フォーマル,,,チョコ|ネイビー|ブラック,NAVY|BLACK|BROWN,人工・合成皮革,W410×H300×D90mm,約1600g,開いた時も自立する美しい立ち姿。ビジネスシーンを格上げするYOUTAのダレスブリーフケース。,-,-,-,-,-,-,-,-,https://artisan.itembox.cloud/product/013/000000001301/000000001301-08.jpg?size=l&w=ODAw&t=20240911113720,https://shop.artisan-atelier.net/c/bag/toyooka_kaban/YKM7,合成皮革|撥水|軽量|ボトル収納|タブレット収納|13-14インチPC収納|A4収納,メンズ|ビジネス|普段使い|旅行|街歩き,FALSE,FALSE,FALSE,FALSE,FALSE,TRUE,在庫あり
株式会社タイムバックス,FM803KC,Mastiha キー＆カードケース,8250,THYMEBUCKS,小物：キーケース・キーホルダー,,,アカ|ネイビー|マスタード,YELLOW|RED|NAVY,天然皮革・本革,W105×H65×D20mm,約100g,上質のオイルレザーを使用。キーケースとカードケースが一体に。,-,-,-,-,-,-,-,-,https://artisan.itembox.cloud/product/004/000000000410/000000000410-09.jpg?size=l&w=ODAw&t=20200220124601,https://shop.artisan-atelier.net/c/goods/item_goods/keycase/FM803KC,牛革,ユニセックス|メンズ|レディース|普段使い|ギフト,FALSE,FALSE,FALSE,FALSE,FALSE,TRUE,在庫あり
株式会社タイムバックス,GM090MR,For the blue ミニリュック,24200,THYMEBUCKS,鞄：リュック・デイパック,,,オーシャンブルー|ディープブルー,BLUE,合成繊維,W210×H300×D130mm,約420g,環境を考えた、とっても軽い上質ナイロン×型押しレザー。ブルーがポイントの可愛いリュック。,-,-,-,-,-,-,-,-,https://artisan.itembox.cloud/product/008/000000000854/000000000854-06.jpg?size=l&w=ODAw&t=20210925105620,https://shop.artisan-atelier.net/c/bag/toyooka_kaban/GM090MR,漁網ナイロン|軽量,レディース|普段使い|旅行|街歩き,FALSE,FALSE,FALSE,FALSE,FALSE,TRUE,在庫あり
株式会社タイムバックス,GM091XM,For the blue クロスミニショルダー,12650,THYMEBUCKS,鞄：ミニショルダー・ポーチ,,,オーシャンブルー|ディープブルー,BLUE,合成繊維,W140×H190×D20mm,約150g,縦・横＋ポーチにも。スタイルや用途に合わせて色々使えるミニショルダー。,-,-,-,-,-,-,-,-,https://artisan.itembox.cloud/product/008/000000000865/000000000865-07.jpg?size=l&w=ODAw&t=20210930174008,https://shop.artisan-atelier.net/c/bag/toyooka_kaban/GM091XM,漁網ナイロン|軽量|コンパクト,ユニセックス|メンズ|レディース|普段使い|旅行|街歩き,FALSE,FALSE,FALSE,FALSE,FALSE,TRUE,在庫あり
株式会社タイムバックス,GM110BT,漁網デニム ビッグトート,18700,THYMEBUCKS,鞄：トート,,,インディゴ,BLUE,合成繊維,W440×H375×D180mm,約500g,あると便利なビッグサイズ。「洗って楽しむ」再生ナイロンデニムの2WAY。,-,-,-,-,-,-,-,-,https://artisan.itembox.cloud/product/011/000000001171/000000001171-01.jpg?size=l&w=ODAw&t=20230512171616,https://shop.artisan-atelier.net/c/bag/toyooka_kaban/GM110BT,漁網デニム|軽量|ボトル収納|タブレット収納|13-14インチPC収納|15-16インチPC収納|A4収納|B4収納,ユニセックス|メンズ|レディース|普段使い|旅行|街歩き,FALSE,FALSE,FALSE,FALSE,FALSE,TRUE,在庫あり
株式会社タイムバックス,GM111MT,漁網デニム ミニトート,13200,THYMEBUCKS,鞄：トート,,,インディゴ,BLUE,合成繊維,W180×H215×D140mm,約270g,コンパクトでいつも活躍。洗ってエイジングを楽しむデニムのミニトート。,-,-,-,-,-,-,-,-,https://artisan.itembox.cloud/product/011/000000001172/000000001172-01.jpg?size=l&w=ODAw&t=20230512172700,https://shop.artisan-atelier.net/c/bag/toyooka_kaban/GM111MT,漁網デニム|軽量|コンパクト,ユニセックス|メンズ|レディース|普段使い|旅行|街歩き,FALSE,FALSE,FALSE,FALSE,FALSE,TRUE,在庫あり
株式会社タイムバックス,TN001RK,エルダー リュック,29150,THYMEBUCKS,鞄：リュック・デイパック,,,カーキ|カーキ×ネイビー|キナリ|キナリ×グレー|ネイビー|ネイビー×クロ|ネイビー×ネイビー,GREEN|NAVY|GRAY|WHITE|BLACK,帆布・織物,W305×H380×D140mm,約780g,「シンプルで強い」そして「優しい」。素材・機能・デザインのすべてに思いがつまった完成度の高さ。,-,-,-,-,-,-,-,-,https://artisan.itembox.cloud/product/003/000000000317/000000000317-11.jpg?size=l&w=ODAw&t=20200109184714,https://shop.artisan-atelier.net/c/bag/toyooka_kaban/TN001RK,帆布|軽量|ボトル収納|タブレット収納|13-14インチPC収納|A4収納,レディース|普段使い|旅行|街歩き,TRUE,FALSE,TRUE,FALSE,TRUE,TRUE,在庫あり
株式会社タイムバックス,TN002TL,エルダー トート,29150,THYMEBUCKS,鞄：トート,,,カーキ|キナリ|ネイビー|ネイビー×ネイビー,GREEN|NAVY|WHITE,帆布・織物,W305×H350×D140mm,約780g,使い込むほど愛着がわいてくる、シンプルで強いトートバック。,-,-,-,-,-,-,-,-,https://artisan.itembox.cloud/product/001/000000000148/000000000148-12.jpg?size=l&w=ODAw&t=20250520151801,https://shop.artisan-atelier.net/c/bag/toyooka_kaban/TN002TL,帆布|軽量|ボトル収納|タブレット収納|13-14インチPC収納|A4収納,レディース|ビジネス|普段使い|旅行|街歩き,FALSE,FALSE,FALSE,FALSE,FALSE,TRUE,在庫あり
株式会社タイムバックス,TN003CS,エルダー クラッチショルダー,22000,THYMEBUCKS,鞄：クラッチ・セカンド,,,カーキ|キナリ|ネイビー,GREEN|NAVY|WHITE,帆布・織物,W365×H240×D10mm,約550g,機能満載のA4収納クラッチバッグ。ショルダーや斜め掛けでも大活躍。,-,-,-,-,-,-,-,-,https://artisan.itembox.cloud/product/002/000000000242/000000000242-12.jpg?size=l&w=ODAw&t=20200220094544,https://shop.artisan-atelier.net/c/bag/toyooka_kaban/TN003CS,帆布|軽量|ボトル収納|タブレット収納|13-14インチPC収納|A4収納,ユニセックス|メンズ|レディース|普段使い|旅行|街歩き,FALSE,FALSE,FALSE,FALSE,FALSE,TRUE,在庫あり
株式会社タイムバックス,TN004TC,エルダー チケットケース,8800,THYMEBUCKS,小物：名刺入れ、カード入れ,,,キャメル|ネイビー|ブルー,NAVY|BLUE|BROWN,天然皮革・本革,W215×H95×D10mm,約160g,トスカーナ産の上質な極厚ヌメ革を使用。スタイリッシュなチケットケース。,-,-,-,-,-,-,-,-,https://artisan.itembox.cloud/product/003/000000000395/000000000395-07.jpg?size=l&w=ODAw&t=20200109150745,https://shop.artisan-atelier.net/c/bag/toyooka_kaban/TN004TC,牛革,ユニセックス|メンズ|レディース|普段使い|ギフト,FALSE,FALSE,FALSE,FALSE,FALSE,TRUE,在庫あり
株式会社タイムバックス,TN005KC,エルダー カードケース,3300,THYMEBUCKS,小物：名刺入れ、カード入れ,,,キャメル|ネイビー|ブルー,NAVY|BLUE|BROWN,天然皮革・本革,W102×H76×D6mm,約40g,極厚イタリアンレザーを使用。使い込んでこそ魅力が増すカードケース。,-,-,-,-,-,-,-,-,https://artisan.itembox.cloud/product/003/000000000394/000000000394-08.jpg?size=l&w=ODAw&t=20200109150615,https://shop.artisan-atelier.net/c/bag/toyooka_kaban/TN005KC,牛革,ユニセックス|メンズ|レディース|普段使い|ギフト,FALSE,FALSE,FALSE,FALSE,FALSE,TRUE,在庫あり
株式会社タイムバックス,TN006MR,エルダー ミニリュック,24750,THYMEBUCKS,鞄：リュック・デイパック,,,カーキ×ネイビー|キナリ×イエロー|キナリ×オリーブ|キナリ×赤茶|ネイビー×オリーブ,YELLOW|RED|GREEN|NAVY|WHITE|BROWN,帆布・織物,W210×H300×D130mm,約610g,あの名作リュックから、背中にちょこんと小さめサイズ。かわいいのにタフ、カラーコンビも楽しい。,-,-,-,-,-,-,-,-,https://artisan.itembox.cloud/product/003/000000000300/000000000300-10.jpg?size=l&w=ODAw&t=20191227145024,https://shop.artisan-atelier.net/c/bag/toyooka_kaban/TN006MR,帆布|軽量|ボトル収納|タブレット収納,レディース|普段使い|旅行|街歩き,FALSE,FALSE,FALSE,FALSE,TRUE,TRUE,在庫あり
株式会社タイムバックス,TN007TA,エルダー トートA,30800,THYMEBUCKS,鞄：トート,,,カーキ×クロ|キナリ×グレー|キナリ×赤茶|ネイビー×クロ,RED|GREEN|NAVY|GRAY|WHITE|BLACK|BROWN,帆布・織物,W400×H275×D170mm,約780g,丈夫で使い勝手良し。素材も形も色々こだわった、まさに万能トート。,-,-,-,-,-,-,-,-,https://artisan.itembox.cloud/product/001/000000000101/000000000101-12.jpg?size=l&w=ODAw&t=20200219135354,https://shop.artisan-atelier.net/c/bag/toyooka_kaban/TN007TA,帆布|軽量|ボトル収納|タブレット収納|13-14インチPC収納|A4収納,レディース|ビジネス|普段使い|旅行|街歩き,FALSE,FALSE,FALSE,FALSE,FALSE,TRUE,在庫あり
株式会社タイムバックス,TN008XM,エルダー クロスミニショルダー,12100,THYMEBUCKS,鞄：ミニショルダー・ポーチ,,,サイボ|チャタム|ボーダーアカ|ボーダーベージュ|ボーダーラベンダー|マルロゴアカ|マルロゴイエロー|マルロゴカーキ|マルロゴネイビー|マルロゴブルー,PURPLE|YELLOW|RED|GREEN|NAVY|BLUE|BEIGE|OTHER,帆布・織物,W140×H190×D20mm,約170g,選ぶときから心躍る小さな鞄。携帯品を収めて、縦・横自由に。,-,-,-,-,-,-,-,-,https://artisan.itembox.cloud/product/008/000000000818/000000000818-10.jpg?size=l&w=ODAw&t=20210715163143,https://shop.artisan-atelier.net/c/bag/toyooka_kaban/TN008XM,帆布|軽量|コンパクト,ユニセックス|メンズ|レディース|普段使い|旅行|街歩き,FALSE,FALSE,FALSE,FALSE,TRUE,TRUE,在庫あり
株式会社タイムバックス,TN010MR,エルダー2 ミニリュック,24750,THYMEBUCKS,鞄：リュック・デイパック,,,イエロー|クロ|ベージュ|レッド,YELLOW|RED|BLACK|BEIGE,帆布・織物,W210×H300×D130mm,約610g,エルダー ミニリュックに、色の組み合わせも新しい4号帆布モデル登場。,-,-,-,-,-,-,-,-,https://artisan.itembox.cloud/product/004/000000000462/000000000462-10.jpg?size=l&w=ODAw&t=20200120104517,https://shop.artisan-atelier.net/c/bag/toyooka_kaban/TN010MR,帆布|軽量|ボトル収納|タブレット収納,レディース|普段使い|旅行|街歩き,FALSE,FALSE,FALSE,FALSE,FALSE,TRUE,在庫あり
株式会社タイムバックス,TN015FS,カルド フラットWショルダー,22000,THYMEBUCKS,鞄：ショルダー,,,キナリ×赤茶|グレー×クロ|ライトグレー×イエロー|ライトグレー×ネイビー,YELLOW|RED|NAVY|GRAY|WHITE|BLACK|BROWN,帆布・織物,W280×H210×D80mm,約410g,作りに感動。使い勝手抜群。名作・エルダーリュックの女性デザイナーが考えた、大注目ショルダー。,-,-,-,-,-,-,-,-,https://artisan.itembox.cloud/product/002/000000000202/000000000202-16.jpg?size=l&w=ODAw&t=20191227140742,https://shop.artisan-atelier.net/c/bag/toyooka_kaban/TN015FS,ツイード|タブレット収納|コンパクト,レディース|普段使い|旅行|街歩き,FALSE,FALSE,FALSE,FALSE,FALSE,TRUE,在庫あり
株式会社タイムバックス,TN016RK,カルド リュック,31350,THYMEBUCKS,鞄：リュック・デイパック,,,オリーブ|キナリ|グレー|ブラウン,GREEN|GRAY|WHITE|BROWN,帆布・織物,W305×H380×D140mm,約760g,品の良い大人のシンプルと、ふんわりとしたツイードの可愛らしさ。,-,-,-,-,-,-,-,-,https://artisan.itembox.cloud/product/003/000000000316/000000000316-12.jpg?size=l&w=ODAw&t=20200109184025,https://shop.artisan-atelier.net/c/bag/toyooka_kaban/TN016RK,ツイード|ボトル収納|タブレット収納|13-14インチPC収納|A4収納,レディース|普段使い|旅行|街歩き,FALSE,FALSE,FALSE,FALSE,FALSE,TRUE,在庫あり
株式会社タイムバックス,TN017TM,カルド トートM,30800,THYMEBUCKS,鞄：トート,,,キナリ|グレー×クロ|ブラウン|ライトグレー×イエロー|ライトグレー×ネイビー,YELLOW|NAVY|GRAY|WHITE|BLACK|BROWN,帆布・織物,W270×H280×D170mm,約680g,上品で一見シンプルだけど、いろいろ気が利く嬉しいトート。,-,-,-,-,-,-,-,-,https://artisan.itembox.cloud/product/001/000000000147/000000000147-12.jpg?size=l&w=ODAw&t=20200109183520,https://shop.artisan-atelier.net/c/bag/toyooka_kaban/TN017TM,ツイード|ボトル収納|タブレット収納|13-14インチPC収納|A4収納,レディース|普段使い|旅行|街歩き,FALSE,FALSE,FALSE,FALSE,FALSE,TRUE,在庫あり
株式会社タイムバックス,TN018FM,カルド フラップミニショルダー,23100,THYMEBUCKS,鞄：ミニショルダー・ポーチ,,,オリーブ|キナリ|グレー|ブラウン,GREEN|GRAY|WHITE|BROWN,帆布・織物,W230×H200×D35mm,約450g,かわいいfaceのフラップショルダー。一見シンプルだが驚きの実用性。,-,-,-,-,-,-,-,-,https://artisan.itembox.cloud/product/002/000000000241/000000000241-12.jpg?size=l&w=ODAw&t=20200109183816,https://shop.artisan-atelier.net/c/bag/toyooka_kaban/TN018FM,ツイード,レディース|普段使い|旅行|街歩き,FALSE,FALSE,FALSE,FALSE,FALSE,TRUE,在庫あり
株式会社タイムバックス,TN019MR,カルド ミニリュック,25300,THYMEBUCKS,鞄：リュック・デイパック,,,キナリ×赤茶|グレー×クロ|ライトグレー×イエロー|ライトグレー×ネイビー,YELLOW|RED|NAVY|GRAY|WHITE|BLACK|BROWN,帆布・織物,W210×H300×D130mm,約550g,あのカルドリュックに、背中にちょこんとかわいい小ぶりサイズが登場。,-,-,-,-,-,-,-,-,https://artisan.itembox.cloud/product/003/000000000307/000000000307-13.jpg?size=l&w=ODAw&t=20191227174506,https://shop.artisan-atelier.net/c/bag/toyooka_kaban/TN019MR,ツイード|ボトル収納|タブレット収納,レディース|普段使い|旅行|街歩き,FALSE,FALSE,FALSE,FALSE,FALSE,TRUE,在庫あり
株式会社タイムバックス,TN020TT,グリーク トート35,25300,THYMEBUCKS,鞄：トート,,,カーキ×ダークネイビー|キナリ×グリーン|キナリ×ダークグレー|ネイビー×ダークブラウン,GREEN|NAVY|GRAY|WHITE|BROWN,帆布・織物,W270×H350×D120mm,約680g,完成度の高いこだわり仕様。カラーコンビネーションが楽しい縦長トート。,-,-,-,-,-,-,-,-,https://artisan.itembox.cloud/product/001/000000000131/000000000131-12.jpg?size=l&w=ODAw&t=20200219142832,https://shop.artisan-atelier.net/c/bag/toyooka_kaban/TN020TT,帆布|軽量|ボトル収納|タブレット収納|13-14インチPC収納|A4収納,ユニセックス|メンズ|レディース|ビジネス|普段使い|旅行|街歩き,FALSE,FALSE,FALSE,FALSE,FALSE,TRUE,在庫あり
株式会社タイムバックス,TN021TS,グリーク トート23,22000,THYMEBUCKS,鞄：トート,,,カーキ×ダークネイビー|キナリ×イエロー|キナリ×グリーン|キナリ×ダークグレー|ネイビー×ダークブラウン,YELLOW|GREEN|NAVY|GRAY|WHITE|BROWN,帆布・織物,W230×H230×D140mm,約460g,かわいいのに使い勝手が良い。カラーバリエーションも楽しい絶妙サイズのミニトート。,-,-,-,-,-,-,-,-,https://artisan.itembox.cloud/product/001/000000000130/000000000130-13.jpg?size=l&w=ODAw&t=20191227173832,https://shop.artisan-atelier.net/c/bag/toyooka_kaban/TN021TS,帆布|軽量|ボトル収納|タブレット収納|コンパクト,ユニセックス|メンズ|レディース|ビジネス|普段使い|旅行|街歩き,FALSE,FALSE,FALSE,FALSE,FALSE,TRUE,在庫あり
株式会社タイムバックス,TN030MR,KESARA ミニリュック,25080,THYMEBUCKS,鞄：リュック・デイパック,,,グレー×ホワイトシルバー|ベージュ×クリームゴールド,METALLIC|GRAY|WHITE|BEIGE,その他,W210×H300×D130mm,約570g,背中にコロンと柔らかい、ファーとメタリックレザーのコントラスト。,-,-,-,-,-,-,-,-,https://artisan.itembox.cloud/product/003/000000000306/000000000306-09.jpg?size=l&w=ODAw&t=20191227173228,https://shop.artisan-atelier.net/c/bag/toyooka_kaban/TN030MR,ボアフリース|ボトル収納|タブレット収納,レディース|普段使い|旅行|街歩き,FALSE,FALSE,FALSE,FALSE,FALSE,TRUE,在庫あり
株式会社タイムバックス,TN040RK,デニムリュック,31680,THYMEBUCKS,鞄：リュック・デイパック,,井原デニム,デニム,BLUE,帆布・織物,W300×H380×D140mm,約800g,井原デニム×豊岡鞄コラボシリーズ。ワンウォッシュで柔らかさを出し、色落ちも楽しめるデニムリュック。,-,-,-,-,-,-,-,-,https://artisan.itembox.cloud/product/003/000000000305/000000000305-01.jpg?size=l&w=ODAw&t=20191227165815,https://shop.artisan-atelier.net/c/bag/toyooka_kaban/TN040RK,デニム|ボトル収納|タブレット収納|13-14インチPC収納|A4収納,ユニセックス|メンズ|レディース|普段使い|旅行|街歩き,TRUE,FALSE,TRUE,FALSE,TRUE,TRUE,在庫あり
株式会社タイムバックス,TN041CS,デニムクラッチショルダー,23100,THYMEBUCKS,鞄：クラッチ・セカンド,,井原デニム,デニム,BLUE,帆布・織物,W360×H215×D20mm,約590g,井原デニム×豊岡鞄コラボシリーズ。イタリアンレザーとも好相性、上質デニム製クラッチショルダー。,-,-,-,-,-,-,-,-,https://artisan.itembox.cloud/product/002/000000000217/000000000217-01.jpg?size=l&w=ODAw&t=20191227172853,https://shop.artisan-atelier.net/c/bag/toyooka_kaban/TN041CS,デニム|ボトル収納|タブレット収納|13-14インチPC収納|A4収納,ユニセックス|メンズ|レディース|普段使い|旅行|街歩き,TRUE,FALSE,TRUE,TRUE,TRUE,TRUE,在庫あり
株式会社タイムバックス,TN042RK,ヘリンボーンリュック,31680,THYMEBUCKS,鞄：リュック・デイパック,,井原デニム,デニム,BLUE,帆布・織物,W300×H380×D140mm,約820g,レザーと絶妙にマッチ。大人気リュックが、ヘリンボーンデニムで登場。,-,-,-,-,-,-,-,-,https://artisan.itembox.cloud/product/002/000000000290/000000000290-11.jpg?size=l&w=ODAw&t=20200220103847,https://shop.artisan-atelier.net/c/bag/toyooka_kaban/TN042RK,デニム|ボトル収納|タブレット収納|13-14インチPC収納|A4収納,ユニセックス|メンズ|レディース|普段使い|旅行|街歩き,FALSE,FALSE,FALSE,FALSE,FALSE,TRUE,在庫あり
株式会社タイムバックス,TN043CS,ヘリンボーン クラッチショルダー,23100,THYMEBUCKS,鞄：クラッチ・セカンド,,井原デニム,デニム,BLUE,帆布・織物,W360×H215×D20mm,約590g,定番人気クラッチショルダーのヘリンボーンデニム仕様。,-,-,-,-,-,-,-,-,https://artisan.itembox.cloud/product/005/000000000561/000000000561-08.jpg?size=l&w=ODAw&t=20200519112134,https://shop.artisan-atelier.net/c/bag/toyooka_kaban/TN043CS,デニム|ボトル収納|タブレット収納|13-14インチPC収納|A4収納,ユニセックス|メンズ|レディース|普段使い|旅行|街歩き,FALSE,FALSE,FALSE,FALSE,FALSE,TRUE,在庫あり
株式会社タイムバックス,TN044MR,ヘリンボーンミニリュック,27500,THYMEBUCKS,鞄：リュック・デイパック,,井原デニム,デニム,BLUE,帆布・織物,W210×H300×D130mm,約650g,デニムのコインポケットもアレンジ。ヘリンボーンデニム×レザーのミニリュック。,-,-,-,-,-,-,-,-,https://artisan.itembox.cloud/product/005/000000000562/000000000562-08.jpg?size=l&w=ODAw&t=20200519111352,https://shop.artisan-atelier.net/c/bag/toyooka_kaban/TN044MR,デニム|ボトル収納|タブレット収納,レディース|普段使い|旅行|街歩き,FALSE,FALSE,FALSE,FALSE,FALSE,TRUE,在庫あり
株式会社タイムバックス,TN045MR,井原デニム ミニリュック,28600,THYMEBUCKS,鞄：リュック・デイパック,,井原デニム,デニム,BLUE,帆布・織物,W210×H300×D130mm,約650g,ワンウォッシュデニム×レザーの上質カジュアルな大人ミニリュック。,-,-,-,-,-,-,-,-,https://artisan.itembox.cloud/product/015/000000001522/000000001522-09.jpg?size=l&w=ODAw&t=20260530151709,https://shop.artisan-atelier.net/c/bag/toyooka_kaban/TN045MR,デニム|ボトル収納|タブレット収納,レディース|普段使い|旅行|街歩き,FALSE,FALSE,FALSE,FALSE,FALSE,TRUE,在庫あり
株式会社タイムバックス,TN050RK,ブルーム リュック,35200,THYMEBUCKS,鞄：リュック・デイパック,,,アカ|ネイビー|マスタード,YELLOW|RED|NAVY,天然皮革・本革,W180×H320×D85mm,約640g,味のある革・こだわりデザインのボディバッグが、リュックでも使えるダブルショルダー仕様で登場。,-,-,-,-,-,-,-,-,https://artisan.itembox.cloud/product/002/000000000292/000000000292-12.jpg?size=l&w=ODAw&t=20220407155900,https://shop.artisan-atelier.net/c/bag/toyooka_kaban/TN050RK,牛革|ボトル収納,ユニセックス|メンズ|レディース|普段使い|旅行|街歩き,FALSE,FALSE,FALSE,FALSE,FALSE,TRUE,在庫あり
株式会社タイムバックス,TN051BD,ブルーム ボディバッグ,30250,THYMEBUCKS,鞄：ボディ・ウエスト,,,アカ|ネイビー|マスタード|白,YELLOW|RED|NAVY|WHITE,天然皮革・本革,W180×H320×D85mm,約530g,作り手の想い・こだわりが伝わってくる、とても使いやすいボディバッグ。,-,-,-,-,-,-,-,-,https://artisan.itembox.cloud/product/001/000000000168/000000000168-15.jpg?size=l&w=ODAw&t=20191226164156,https://shop.artisan-atelier.net/c/bag/toyooka_kaban/TN051BD,牛革|ボトル収納,ユニセックス|メンズ|レディース|普段使い|旅行|街歩き,TRUE,FALSE,TRUE,TRUE,FALSE,TRUE,在庫あり
株式会社タイムバックス,TN052SD,ブルームショルダーベルト,5500,THYMEBUCKS,鞄：その他鞄,,,アカ|ネイビー|マスタード|白,YELLOW|RED|NAVY|WHITE,天然皮革・本革,,,,-,-,-,-,-,-,-,-,https://shop.artisan-atelier.net/images/whats_toyookakaban.png,,牛革,ユニセックス|メンズ|レディース|普段使い|旅行|街歩き,FALSE,FALSE,FALSE,FALSE,FALSE,TRUE,取寄せ
株式会社タイムバックス,TN053YS,ブルーム 横ショルダー,33000,THYMEBUCKS,鞄：ショルダー,,,アカ|ネイビー|マスタード|白,YELLOW|RED|NAVY|WHITE,天然皮革・本革,W300×H210×D70mm,約650g,どの色も個性と雰囲気を備えている。スタイルを引き立たせてくれる革ショルダー。,-,-,-,-,-,-,-,-,https://artisan.itembox.cloud/product/001/000000000191/000000000191-08.jpg?size=l&w=ODAw&t=20241116172426,https://shop.artisan-atelier.net/c/bag/toyooka_kaban/TN053YS,牛革|ボトル収納,ユニセックス|メンズ|レディース|普段使い|旅行|街歩き,FALSE,FALSE,FALSE,FALSE,FALSE,TRUE,在庫あり
株式会社タイムバックス,TN060FS,ZIZI フラットフラップショルダー,30800,THYMEBUCKS,鞄：ショルダー,,,オレンジ|カーキ|ネイビー,ORANGE|GREEN|NAVY,天然皮革・本革,W280×H250×D30mm,約550g,雨の日も、いつものbagで。撥水する上質レザーの万能ショルダー。,-,-,-,-,-,-,-,-,https://artisan.itembox.cloud/product/005/000000000534/000000000534-01.jpg?size=l&w=ODAw&t=20200410164854,https://shop.artisan-atelier.net/c/bag/toyooka_kaban/TN060FS,牛革|撥水,レディース|普段使い|旅行|街歩き,FALSE,FALSE,FALSE,FALSE,FALSE,TRUE,在庫あり
株式会社タイムバックス,TN070TS,チコ トートショルダーS,23100,THYMEBUCKS,鞄：ショルダー,,,イエロー|グリーン|グレージュ|ネイビー|ピンク,PINK|YELLOW|GREEN|NAVY|GRAY|BEIGE,天然皮革・本革,W210×H145×D120mm,約440g,カラフルなレザーと引締めブラックが大人可愛い。毎日持ちたいトートショルダー。,-,-,-,-,-,-,-,-,https://artisan.itembox.cloud/product/010/000000001018/000000001018-12.jpg?size=l&w=ODAw&t=20220715145016,https://shop.artisan-atelier.net/c/bag/toyooka_kaban/TN070TS,牛革|コンパクト,レディース|普段使い|旅行|街歩き,FALSE,FALSE,FALSE,FALSE,FALSE,TRUE,在庫あり
株式会社タイムバックス,TN071TM,チコ トートショルダーM,25300,THYMEBUCKS,鞄：ショルダー,,,GOLD|SILVER|イエロー|グリーン|グレージュ|ネイビー|ピンク,METALLIC|PINK|YELLOW|GREEN|NAVY|GRAY|BEIGE,天然皮革・本革,W220×H180×D140mm,約600g,手持ちでもショルダーでもOK。マチが大きく、いろんなシーンで活躍。大人可愛いトートショルダー。,-,-,-,-,-,-,-,-,https://artisan.itembox.cloud/product/010/000000001019/000000001019-12.jpg?size=l&w=ODAw&t=20220715161032,https://shop.artisan-atelier.net/c/bag/toyooka_kaban/TN071TM,牛革,レディース|普段使い|旅行|街歩き,FALSE,FALSE,FALSE,FALSE,FALSE,TRUE,在庫あり
株式会社タイムバックス,TN072XM,チコ クロスミニショルダー,13750,THYMEBUCKS,鞄：ミニショルダー・ポーチ,,,GOLD|SILVER|イエロー|グリーン|グレージュ|ネイビー|ピンク,METALLIC|PINK|YELLOW|GREEN|NAVY|GRAY|BEIGE,天然皮革・本革,W135×H190×D20mm,約200g,スタイルのアクセントにもなる、シュリンクレザーのミニショルダー。,-,-,-,-,-,-,-,-,https://artisan.itembox.cloud/product/009/000000000988/000000000988-13.jpg?size=l&w=ODAw&t=20220608103404,https://shop.artisan-atelier.net/c/bag/toyooka_kaban/TN072XM,牛革|コンパクト,ユニセックス|メンズ|レディース|普段使い|旅行|街歩き,TRUE,FALSE,TRUE,TRUE,TRUE,TRUE,在庫あり
株式会社タイムバックス,TP130TM,クラム口折れトートM,31900,THYMEBUCKS,鞄：トート,,,グレー×イエロー|白×オレンジ|スカイ×オレンジ|ダークベージュ×ラベンダー|ネイビー×ブルー|ブラウン×ピンク|ミックス|ライトグレー×ブルー,PURPLE|ORANGE|YELLOW|NAVY|BLUE|GRAY|WHITE|BROWN|BEIGE|OTHER,帆布・織物,W350×H280×D160mm,約520g,個性的な播州織生地を存分に楽しむ、A4サイズ収納軽量トート。,-,-,-,-,-,-,-,-,https://artisan.itembox.cloud/product/014/000000001411/000000001411-01.jpg?size=l&w=ODAw&t=20250905095307,https://shop.artisan-atelier.net/c/bag/toyooka_kaban/TP130TM,播州織|ボトル収納|タブレット収納|13-14インチPC収納|A4収納,ユニセックス|メンズ|レディース|普段使い|旅行|街歩き,FALSE,FALSE,FALSE,FALSE,FALSE,TRUE,在庫あり
株式会社タイムバックス,TP131TS,クラム口折れトートS,24200,THYMEBUCKS,鞄：トート,,,グレー×イエロー|白×オレンジ|スカイ×オレンジ|ダークベージュ×ラベンダー|ネイビー×ブルー|ブラウン×ピンク|ミックス|ライトグレー×ブルー,PURPLE|ORANGE|YELLOW|NAVY|BLUE|GRAY|WHITE|BROWN|BEIGE|OTHER,帆布・織物,W300×H240×D140mm,約470g,播州織カットジャガードを使用した、唯一無二のミニトート。,-,-,-,-,-,-,-,-,https://artisan.itembox.cloud/product/014/000000001412/000000001412-01.jpg?size=l&w=ODAw&t=20250905120116,https://shop.artisan-atelier.net/c/bag/toyooka_kaban/TP131TS,播州織|ボトル収納|タブレット収納,ユニセックス|メンズ|レディース|普段使い|旅行|街歩き,FALSE,FALSE,FALSE,FALSE,FALSE,TRUE,在庫あり
株式会社タイムバックス,TP132SD,クラム トラムショルダー,22000,THYMEBUCKS,鞄：ショルダー,,,グレー×イエロー|白×オレンジ|スカイ×オレンジ|ダークベージュ×ラベンダー|ネイビー×ブルー|ブラウン×ピンク|ミックス|ライトグレー×ブルー,PURPLE|ORANGE|YELLOW|NAVY|BLUE|GRAY|WHITE|BROWN|BEIGE|OTHER,帆布・織物,W230×H130×D60mm,約310g,5つの小物ポケットを備え整理収納ができる。播州織生地のミニショルダー。,-,-,-,-,-,-,-,-,https://artisan.itembox.cloud/product/014/000000001413/000000001413-09.jpg?size=l&w=ODAw&t=20250905131337,https://shop.artisan-atelier.net/c/bag/toyooka_kaban/TP132SD,播州織,ユニセックス|メンズ|レディース|普段使い|旅行|街歩き,FALSE,FALSE,FALSE,FALSE,FALSE,TRUE,在庫あり
株式会社タイムバックス,TP133XM,クラムクロスミニショルダー,13860,THYMEBUCKS,鞄：ミニショルダー・ポーチ,,,グレー×イエロー|白×オレンジ|スカイ×オレンジ|ダークベージュ×ラベンダー|ネイビー×ブルー|ブラウン×ピンク|ミックス|ライトグレー×ブルー,PURPLE|ORANGE|YELLOW|NAVY|BLUE|GRAY|WHITE|BROWN|BEIGE|OTHER,帆布・織物,W190×H140×D20mm,約145g,人気アイテム「クロスミニショルダー」の第4弾は、播州織とのコラボ。,-,-,-,-,-,-,-,-,https://artisan.itembox.cloud/product/014/000000001414/000000001414-10.jpg?size=l&w=ODAw&t=20250905133124,https://shop.artisan-atelier.net/c/bag/toyooka_kaban/TP133XM,播州織|コンパクト,ユニセックス|メンズ|レディース|普段使い|旅行|街歩き,FALSE,FALSE,FALSE,FALSE,FALSE,TRUE,在庫あり
株式会社三宅初治商店,MH3300,ヘリンボーンデニム アルミ手ダレスポーチ,52800,三宅初治商店,鞄：ダレス,,,デニム,BLUE,帆布・織物,W300×H210×D80mm,約920g,井原デニム＋レザーの特別仕様。三宅初治商店のアルミハンドルダレスポーチ。,-,-,-,-,-,-,-,-,https://artisan.itembox.cloud/product/005/000000000557/000000000557-01.jpg?size=l&w=ODAw&t=20200502173534,https://shop.artisan-atelier.net/c/bag/toyooka_kaban/MH3300,デニム|ボトル収納|タブレット収納,メンズ|ビジネス,FALSE,FALSE,FALSE,FALSE,FALSE,TRUE,在庫あり
株式会社三宅初治商店,MH3301,ヘリンボーンデニム アルミ手大割れダレス,57200,三宅初治商店,鞄：ダレス,,,デニム,BLUE,帆布・織物,W410×H300×D90mm,約1300g,満を持して登場。大人気「木手大割れダレス」井原デニムとのコラボモデル。,-,-,-,-,-,-,-,-,https://artisan.itembox.cloud/product/005/000000000558/000000000558-01.jpg?size=l&w=ODAw&t=20200502173713,https://shop.artisan-atelier.net/c/bag/toyooka_kaban/MH3301,デニム|ボトル収納|タブレット収納|13-14インチPC収納|A4収納,メンズ|ビジネス,FALSE,FALSE,FALSE,FALSE,FALSE,TRUE,在庫あり
株式会社三宅初治商店,MH3303,牛革ミニミニダレス,42900,三宅初治商店,鞄：ダレス,,,イエロー|エメラルドグリーン|オレンジ|スカイ|チャコールグレー|トープ|ネイビー|ピンク|ブラック,PINK|ORANGE|YELLOW|GREEN|NAVY|BLUE|GRAY|BLACK|BEIGE,天然皮革・本革,W220×H150×D70mm,約700g,クラシックなダレスが、小さいサイズでカジュアルな個性派ショルダーに。,-,-,-,-,-,-,-,-,https://artisan.itembox.cloud/product/005/000000000555/000000000555-11.jpg?size=l&w=ODAw&t=20220331112739,https://shop.artisan-atelier.net/c/bag/toyooka_kaban/MH3303,牛革|コンパクト,レディース|普段使い|旅行|街歩き,FALSE,FALSE,FALSE,FALSE,FALSE,TRUE,在庫あり
株式会社三宅初治商店,MH4400,牛革大割れダレス,81400,三宅初治商店,鞄：ダレス,,,オーダーカラー|トープ|ブラック,BLACK|BEIGE|OTHER,天然皮革・本革,W410×H300×D90mm,約1750g,本革を用いても、見事に美しく仕上げる職人技。逸品・大割れダレスの革仕様。,-,-,-,-,-,-,-,-,https://artisan.itembox.cloud/product/002/000000000276/000000000276-08.jpg?size=l&w=ODAw&t=20210909205604,https://shop.artisan-atelier.net/c/bag/toyooka_kaban/MH4400,牛革,メンズ|ビジネス,FALSE,FALSE,FALSE,FALSE,FALSE,TRUE,在庫あり
株式会社三宅初治商店,MH4401,牛革ダレスポーチ,62700,三宅初治商店,鞄：ダレス,,,オーダーカラー|トープ,BEIGE|OTHER,天然皮革・本革,W300×H210×D80mm,約1150g,革をまとって、なお美しい佇まい。いつまでも愛用したい、ダレスポーチ。,-,-,-,-,-,-,-,-,https://artisan.itembox.cloud/product/002/000000000277/000000000277-08.jpg?size=l&w=ODAw&t=20210909201410,https://shop.artisan-atelier.net/c/bag/toyooka_kaban/MH4401,牛革,メンズ|ビジネス,FALSE,FALSE,FALSE,FALSE,FALSE,TRUE,在庫あり
株式会社三宅初治商店,MH5500,木手大割れダレス,39600,三宅初治商店,鞄：ダレス,,,ブラック,BLACK,人工・合成皮革,W410×H300×D90mm,約1500g,大切に使いたいと思える鞄。豊岡・三宅初治商店の最高傑作。,-,-,-,-,-,-,-,-,https://artisan.itembox.cloud/product/000/000000000021/000000000021-17.jpg?size=l&w=ODAw&t=20200219112631,https://shop.artisan-atelier.net/c/bag/toyooka_kaban/MH5500,合成皮革|ボトル収納|タブレット収納|13-14インチPC収納|A4収納,メンズ|ビジネス,TRUE,FALSE,TRUE,TRUE,FALSE,TRUE,在庫あり
株式会社三宅初治商店,MH5501,木手ダレスポーチ,35200,三宅初治商店,鞄：ダレス,,,ブラック,BLACK,人工・合成皮革,W300×H210×D80mm,約1000g,一本は持っておきたい男の道具箱。クラシックな木手ダレスポーチ。,-,-,-,-,-,-,-,-,https://artisan.itembox.cloud/product/002/000000000273/000000000273-15.jpg?size=l&w=ODAw&t=20200220101855,https://shop.artisan-atelier.net/c/bag/toyooka_kaban/MH5501,合成皮革|ボトル収納|タブレット収納,メンズ|ビジネス,FALSE,FALSE,FALSE,FALSE,FALSE,TRUE,在庫あり
株式会社三宅初治商店,MH7701,木手大割れダレス,39600,三宅初治商店,鞄：ダレス,,,ネイビー|ブラック,NAVY|BLACK,人工・合成皮革,W410×H300×D90mm,約1500g,ロングセラーの人気商品「木手大割れダレス」のシボ入り生地、内装別仕様。,-,-,-,-,-,-,-,-,https://artisan.itembox.cloud/product/000/000000000020/000000000020-01.jpg?size=l&w=ODAw&t=20200219112143,https://shop.artisan-atelier.net/c/bag/toyooka_kaban/MH7701,合成皮革|ボトル収納|タブレット収納|13-14インチPC収納,メンズ|ビジネス,FALSE,FALSE,FALSE,FALSE,FALSE,TRUE,在庫あり
株式会社ナオト,13-1105,129 ヴィルカ デイパック,33000,129 corp. UNOFUKU,鞄：リュック・デイパック,,,グレー|ネイビーブルー|ブラック,NAVY|BLUE|GRAY|BLACK,合成繊維,W300×H450×D110mm,約660g,デザイン、作り、素材全てにこだわり。鞄の街豊岡が提案する高性能リュック。,-,-,-,-,-,-,-,-,https://artisan.itembox.cloud/product/011/000000001173/000000001173-08.jpg?size=l&w=ODAw&t=20230816131246,https://shop.artisan-atelier.net/c/bag/toyooka_kaban/13-1105,ナイロン|合成皮革|撥水|軽量|ボトル収納|タブレット収納|13-14インチPC収納|15-16インチPC収納|A4収納,ユニセックス|メンズ|レディース|ビジネス|普段使い|旅行|街歩き,TRUE,FALSE,FALSE,TRUE,TRUE,TRUE,在庫あり
株式会社ナオト,13-1108,129 ヴィルカ トート,27500,129 corp. UNOFUKU,鞄：トート,,,グレー|ネイビーブルー|ブラック,NAVY|BLUE|GRAY|BLACK,合成繊維,W380×H350×D150mm,約740g,環境に優しく手触りもソフトで心地良い機能的素材を使用。B4サイズ収納の大きめサイズ。,-,-,-,-,-,-,-,-,https://artisan.itembox.cloud/product/011/000000001198/000000001198-12.jpg?size=l&w=ODAw&t=20230915171502,https://shop.artisan-atelier.net/c/bag/toyooka_kaban/13-1108,ナイロン|合成皮革|撥水|軽量|ボトル収納|タブレット収納|13-14インチPC収納|15-16インチPC収納|A4収納|B4収納,ユニセックス|メンズ|レディース|ビジネス|普段使い|旅行|街歩き,TRUE,FALSE,FALSE,TRUE,TRUE,TRUE,在庫あり
株式会社ナオト,13-1119,129 ヴィルカ ボディバッグ,22000,129 corp. UNOFUKU,鞄：ボディ・ウエスト,,,グレー|ネイビーブルー|ブラック,NAVY|BLUE|GRAY|BLACK,合成繊維,W290×H200×D100mm,約460g,モバイル収納に工夫。アウターをホールドできる点も斬新。軽量・高機能のエコ素材を駆使したボディバッグ。,-,-,-,-,-,-,-,-,https://artisan.itembox.cloud/product/013/000000001303/000000001303-11.jpg?size=l&w=ODAw&t=20250807170608,https://shop.artisan-atelier.net/c/bag/toyooka_kaban/13-1119,ナイロン|合成皮革|撥水|軽量|ボトル収納|タブレット収納,ユニセックス|メンズ|レディース|普段使い|旅行|街歩き,TRUE,FALSE,FALSE,TRUE,TRUE,TRUE,在庫あり
株式会社ナオト,13-1126,129 ヴィルカ スマホショルダー,16500,129 corp. UNOFUKU,鞄：ミニショルダー・ポーチ,,,グレー|ネイビーブルー|ブラック,NAVY|BLUE|GRAY|BLACK,合成繊維,W140×H190×D30mm,約250g,手離せない。スマホ収納＋財布、パスケース、キーケースが全て一つに集約。,-,-,-,-,-,-,-,-,https://artisan.itembox.cloud/product/013/000000001346/000000001346-08.jpg?size=l&w=ODAw&t=20250416174849,https://shop.artisan-atelier.net/c/bag/toyooka_kaban/131126,ナイロン|合成皮革|撥水|軽量|コンパクト,ユニセックス|メンズ|レディース|普段使い|旅行|街歩き,TRUE,FALSE,FALSE,TRUE,TRUE,TRUE,在庫あり
株式会社ナオト,13-1127,129 ヴィルカ トート S,24200,129 corp. UNOFUKU,鞄：トート,,,グレー|ネイビーブルー|ブラック,NAVY|BLUE|GRAY|BLACK,合成繊維,W290×H340×D120mm,約560g,環境に優しく手触りもソフトで心地良い機能的素材を使用。軽くて収納も十分。,-,-,-,-,-,-,-,-,https://artisan.itembox.cloud/product/013/000000001347/000000001347-08.jpg?size=l&w=ODAw&t=20250416180217,https://shop.artisan-atelier.net/c/bag/toyooka_kaban/131127,ナイロン|合成皮革|撥水|軽量|ボトル収納|タブレット収納|13-14インチPC収納|A4収納,ユニセックス|メンズ|レディース|ビジネス|普段使い|旅行|街歩き,TRUE,FALSE,FALSE,TRUE,TRUE,TRUE,在庫あり
株式会社ナオト,NEH-001,直帆布 SD,18040,直帆布,鞄：ショルダー,,,オレンジ|カーキ|クロ|ラベンダー,PURPLE|ORANGE|GREEN|BLACK,帆布・織物,W265×H190×D70mm,約500g,直帆布シリーズのロングセラー。小物を整理しやすい工夫が嬉しい設計。,-,-,-,-,-,-,-,-,https://artisan.itembox.cloud/product/002/000000000237/000000000237-15.jpg?size=l&w=ODAw&t=20200109170142,https://shop.artisan-atelier.net/c/bag/toyooka_kaban/NEH-001,帆布|軽量|撥水|ボトル収納|タブレット収納,ユニセックス|メンズ|レディース|普段使い|旅行|街歩き,TRUE,FALSE,FALSE,TRUE,FALSE,TRUE,在庫あり
株式会社ナオト,NEH-003,直帆布 ワンショルダー,14080,直帆布,鞄：ボディ・ウエスト,,,オレンジ|カーキ|クロ|ラベンダー,PURPLE|ORANGE|GREEN|BLACK,帆布・織物,W180×H335×D60mm,約400g,単行本や9.7インチのiPadが収まる形状。ちょっと大きめの帆布ボディバッグ。,-,-,-,-,-,-,-,-,https://artisan.itembox.cloud/product/001/000000000183/000000000183-18.jpg?size=l&w=ODAw&t=20220826092028,https://shop.artisan-atelier.net/c/bag/toyooka_kaban/NEH-003,帆布|軽量|撥水|ボトル収納|タブレット収納,ユニセックス|メンズ|レディース|普段使い|旅行|街歩き,FALSE,FALSE,FALSE,FALSE,FALSE,TRUE,在庫あり
株式会社ナオト,NEH-006,直帆布 Lショルダー,20680,直帆布,鞄：ショルダー,,,オレンジ|カーキ|ベージュ,ORANGE|GREEN|BEIGE,帆布・織物,W320×H225×D60mm,約700g,気の利いたシンプルな使いやすさ。直帆布シリーズ1番人気モデル。,-,-,-,-,-,-,-,-,https://artisan.itembox.cloud/product/002/000000000236/000000000236-13.jpg?size=l&w=ODAw&t=20200109165646,https://shop.artisan-atelier.net/c/bag/toyooka_kaban/NEH-006,帆布|軽量|撥水|ボトル収納|タブレット収納,ユニセックス|メンズ|レディース|普段使い|旅行|街歩き,TRUE,FALSE,TRUE,TRUE,FALSE,TRUE,在庫あり
株式会社ナオト,NEH-201,直帆布 2WAY SD,28600,直帆布,鞄：ショルダー,,,カーキ|ブラック,GREEN|BLACK,帆布・織物,W320×H230×D60mm,約700g,待望の再入荷。高い収納スキル、こだわりが詰まった帆布ショルダーの名作。,-,-,-,-,-,-,-,-,https://artisan.itembox.cloud/product/002/000000000234/000000000234-06.jpg?size=l&w=ODAw&t=20200109164306,https://shop.artisan-atelier.net/c/bag/toyooka_kaban/NEH-201,帆布|軽量|撥水|ボトル収納|タブレット収納,ユニセックス|メンズ|レディース|ビジネス|普段使い|旅行|街歩き,FALSE,FALSE,TRUE,TRUE,FALSE,TRUE,在庫あり
株式会社ナオト,NEH-202,直帆布 天ファスナートート,20240,直帆布,鞄：トート,,,カーキ|ブラック,GREEN|BLACK,帆布・織物,W530×H300×D200mm,約600g,味のあるロウ引き帆布を使用した、直帆布ブランドの大容量トート。,-,-,-,-,-,-,-,-,https://artisan.itembox.cloud/product/001/000000000142/000000000142-11.jpg?size=l&w=ODAw&t=20200109164159,https://shop.artisan-atelier.net/c/bag/toyooka_kaban/NEH-202,帆布|軽量|撥水|ボトル収納|タブレット収納|13-14インチPC収納|15-16インチPC収納|A4収納|B4収納,ユニセックス|メンズ|レディース|ビジネス|普段使い|旅行|街歩き,FALSE,FALSE,FALSE,FALSE,FALSE,TRUE,在庫あり
株式会社ナオト,NEH-203,直帆布 トート,16280,直帆布,鞄：トート,,,カーキ|ブラック,GREEN|BLACK,帆布・織物,W390×H300×D120mm,約400g,肩掛けできるコンパクトサイズ。味のあるパラフィン帆布のトート。,-,-,-,-,-,-,-,-,https://artisan.itembox.cloud/product/001/000000000141/000000000141-09.jpg?size=l&w=ODAw&t=20200109164004,https://shop.artisan-atelier.net/c/bag/toyooka_kaban/NEH-203,帆布|軽量|撥水|ボトル収納|タブレット収納,ユニセックス|メンズ|レディース|ビジネス|普段使い|旅行|街歩き,FALSE,FALSE,FALSE,FALSE,FALSE,TRUE,在庫あり
株式会社ナオト,NEL-801,イタリア撥水レザー横型,25300,,鞄：ミニショルダー・ポーチ,,,オレンジ|カーキ|ブルー,ORANGE|GREEN|BLUE,天然皮革・本革,W250×H150×D20mm,約350g,クラッチバッグとしても活躍。薄マチデザイン、超撥水レザーショルダー。,-,-,-,-,-,-,-,-,https://artisan.itembox.cloud/product/005/000000000550/000000000550-01.jpg?size=l&w=ODAw&t=20200424173230,https://shop.artisan-atelier.net/c/bag/toyooka_kaban/NEL801,牛革|撥水|コンパクト,メンズ|普段使い|旅行|街歩き,FALSE,FALSE,FALSE,FALSE,FALSE,TRUE,在庫あり
株式会社ナオト,NEL-802,イタリア撥水レザー縦型SD,31900,,鞄：ショルダー,,,オレンジ|カーキ|ブルー,ORANGE|GREEN|BLUE,天然皮革・本革,W230×H270×D20mm,約450g,直帆布でおなじみ「ナオト」が手掛けた、超撥水レザーショルダー。,-,-,-,-,-,-,-,-,https://artisan.itembox.cloud/product/005/000000000551/000000000551-08.jpg?size=l&w=ODAw&t=20200424173603,https://shop.artisan-atelier.net/c/bag/toyooka_kaban/NEL802,牛革|撥水,メンズ|普段使い|旅行|街歩き,FALSE,FALSE,FALSE,FALSE,FALSE,TRUE,在庫あり
株式会社ナオト,NEP504,E＋pleasure QUOLEショルダー,15400,E＋pleasure,鞄：ミニショルダー・ポーチ,,,ブラック×イエロー,YELLOW|BLACK,人工・合成皮革,W250×H150×D20mm,約300g,マットな表情、ソフトな手触りの上質素材を使用。スマホ、長財布、文庫本などを収納できる横型ミニショルダー。,-,-,-,-,-,-,-,-,https://artisan.itembox.cloud/product/013/000000001358/000000001358-07.jpg?size=l&w=ODAw&t=20250625171227,https://shop.artisan-atelier.net/c/bag/toyooka_kaban/NEP504,合成皮革|コンパクト,メンズ|普段使い|旅行|街歩き,FALSE,FALSE,FALSE,FALSE,FALSE,TRUE,在庫あり
株式会社ナオト,NEP505,E＋pleasure QUOLEワンショルダー,21780,E＋pleasure,鞄：ボディ・ウエスト,,,ブラック×イエロー,YELLOW|BLACK,人工・合成皮革,W180×H330×D60mm,約500g,帆布の定番人気モデルが、ソフトな手触りが心地良い上質合皮仕様で登場。,-,-,-,-,-,-,-,-,https://artisan.itembox.cloud/product/013/000000001359/000000001359-01.jpg?size=l&w=ODAw&t=20250625173207,https://shop.artisan-atelier.net/c/bag/toyooka_kaban/NEP505,合成皮革|ボトル収納,メンズ|普段使い|旅行|街歩き,FALSE,FALSE,FALSE,FALSE,FALSE,TRUE,在庫あり
株式会社ナオト,NEP511,For the Blue m_r tokyo フリルバッグ,18700,,鞄：ショルダー,,,オーシャンブルー|ディープブルー,BLUE,合成繊維,W170×H210×D100mm,約300g,海の波をイメージしたフリルが可愛い。個性的デザインの、サスティナブルなミニバッグ。,-,-,-,-,-,-,-,-,https://artisan.itembox.cloud/product/012/000000001203/000000001203-08.jpg?size=l&w=ODAw&t=20231220102105,https://shop.artisan-atelier.net/c/bag/toyooka_kaban/NEP511,漁網ナイロン|軽量,レディース|普段使い|旅行|街歩き,FALSE,FALSE,FALSE,FALSE,FALSE,TRUE,在庫あり
株式会社ナオト,NET008,tuck tote,33000,Artisan Avenue,鞄：トート,,Artisanオリジナル,ネイビー,NAVY,帆布・織物,W340×H300×D120mm,約400g,フォルムで魅せる、大人のデニムトート。,-,-,-,-,-,-,-,-,https://artisan.itembox.cloud/product/014/000000001451/000000001451-01.jpg?size=l&w=ODAw&t=20260227092126,https://shop.artisan-atelier.net/c/bag/toyooka_kaban/NET008,再生デニム|ボトル収納|タブレット収納|Artisan限定,レディース|普段使い|旅行|街歩き,TRUE,FALSE,FALSE,FALSE,TRUE,TRUE,在庫あり
株式会社ナオト,NET3,マルチポーチ,3740,,小物：豊岡小物,,,アソート,OTHER,帆布・織物,,,,-,-,-,-,-,-,-,-,https://shop.artisan-atelier.net/img/toyookakomono.svg,,帆布|豊岡小物,ユニセックス|メンズ|レディース|ギフト,FALSE,FALSE,FALSE,FALSE,FALSE,TRUE,在庫あり
株式会社ナオト,NET5,コインカードケース,4950,,小物：豊岡小物,,,アソート,OTHER,帆布・織物,,,,-,-,-,-,-,-,-,-,https://shop.artisan-atelier.net/img/toyookakomono.svg,,帆布|豊岡小物,ユニセックス|メンズ|レディース|ギフト,FALSE,FALSE,FALSE,FALSE,FALSE,TRUE,在庫あり
株式会社ナオト,NET601,E＋pleasure EVITA ショルダー,16500,E＋pleasure,鞄：ショルダー,,,オレンジ|グリーン|ブラック|ライトベージュ,ORANGE|GREEN|BLACK|BEIGE,合成繊維,W300×H200×D70mm,約400g,欲しいところにポケットを備え、スマートで無駄のない形状。軽量＆高撥水もポイント。,-,-,-,-,-,-,-,-,https://artisan.itembox.cloud/product/011/000000001192/000000001192-10.jpg?size=l&w=ODAw&t=20230809105454,https://shop.artisan-atelier.net/c/bag/toyooka_kaban/NET601,ナイロン|軽量|撥水,メンズ|普段使い|旅行|街歩き,FALSE,FALSE,FALSE,FALSE,FALSE,TRUE,在庫あり
株式会社ナオト,NET603,E＋pleasure EVITA サコッシュポシェット,9680,E＋pleasure,鞄：ミニショルダー・ポーチ,,,オレンジ|グリーン|ブラック|ライトベージュ,ORANGE|GREEN|BLACK|BEIGE,合成繊維,W230×H140×D10mm,約150g,携帯するスマホポシェット。クラッチ・ミニバッグ等多用途な超軽量バッグ。,-,-,-,-,-,-,-,-,https://artisan.itembox.cloud/product/011/000000001193/000000001193-08.jpg?size=l&w=ODAw&t=20230809111839,https://shop.artisan-atelier.net/c/bag/toyooka_kaban/NET603,ナイロン|軽量|撥水|コンパクト,メンズ|普段使い|旅行|街歩き,FALSE,FALSE,FALSE,FALSE,FALSE,TRUE,在庫あり
株式会社ナオト,NET604,E＋pleasure QUOLEミニボストン,19800,E＋pleasure,鞄：ミニバッグ・ハンドバッグ,,,ブラック,BLACK,人工・合成皮革,W280×H150×D60mm,約250g,長財布とスマホを収納。いろんなシーンで活躍する、ミニマム2WAYショルダーバッグ。,-,-,-,-,-,-,-,-,https://artisan.itembox.cloud/product/015/000000001521/000000001521-09.jpg?size=l&w=ODAw&t=20260523201442,https://shop.artisan-atelier.net/c/bag/toyooka_kaban/NET604,合成皮革|コンパクト,メンズ|普段使い|旅行|街歩き,FALSE,FALSE,FALSE,FALSE,FALSE,TRUE,在庫あり
株式会社ハシモト,ASH001,Jumelles -ジュメル - 3WAYトート,44000,Artisan Avenue,鞄：トート,,Artisanオリジナル,トープ|ブラック,BLACK|BEIGE,天然皮革・本革,W270×H370×D80mm,約650g,どの持ち方でも自然に馴染み、あなたの装いに静かに寄り添うバッグ。,-,-,-,-,-,-,-,-,https://artisan.itembox.cloud/product/014/000000001438/000000001438-12.jpg?size=l&w=ODAw&t=20251216140040,https://shop.artisan-atelier.net/c/bag/toyooka_kaban/ASH001,牛革|ボトル収納|タブレット収納|13-14インチPC収納|A4収納|Artisan限定,ユニセックス|メンズ|レディース|ビジネス|普段使い|旅行|街歩き,TRUE,FALSE,TRUE,TRUE,TRUE,TRUE,在庫あり
株式会社ハシモト,OFA001,バイカラーバケットバッグ/レザーワンショルダー,59400,ottorossi,鞄：トート,,,アイスグレー（グレー×スカイ）|アランチョ（ゼラニウム×ネイビー）|グレージュ（トープ×オフホワイト）,ORANGE|NAVY|BLUE|GRAY|WHITE|BEIGE,天然皮革・本革,W300×H290×D180mm,約740g,上品で華やか。気分の上がるレザーバイカラーバッグ。,-,-,-,-,-,-,-,-,https://artisan.itembox.cloud/product/012/000000001267/000000001267-12.jpg?size=l&w=ODAw&t=20240517132553,https://shop.artisan-atelier.net/c/bag/toyooka_kaban/OFA001,牛革|ボトル収納|タブレット収納|13-14インチPC収納|A4収納,レディース|普段使い|旅行|街歩き,FALSE,FALSE,FALSE,FALSE,FALSE,TRUE,在庫あり
株式会社ハシモト,OFB001,魚網ナイロンボストンL,57200,ottorossi,鞄：ボストン,,for the Blue,オーシャンブルー|ディープブルー,BLUE,合成繊維,W490×H330×D200mm,約1020g,漁網再生素材を使用した、豊岡鞄「ottorossi」の大容量トラベルボストン。,-,-,-,-,-,-,-,-,https://artisan.itembox.cloud/product/008/000000000838/000000000838-07.jpg?size=l&w=ODAw&t=20210922185411,https://shop.artisan-atelier.net/c/bag/toyooka_kaban/OFB001,漁網ナイロン|軽量|ボトル収納|タブレット収納|13-14インチPC収納|15-16インチPC収納|A4収納|B4収納,ユニセックス|メンズ|レディース|普段使い|旅行|出張,FALSE,FALSE,FALSE,FALSE,FALSE,TRUE,在庫あり
株式会社ハシモト,OFB002,魚網ナイロンボストンM,50600,ottorossi,鞄：ボストン,,for the Blue,オーシャンブルー|ディープブルー,BLUE,合成繊維,W430×H300×D200mm,約755g,注目ブランド「ottorossi」の新作は、小旅行に最適なクラシックボストン。,-,-,-,-,-,-,-,-,https://artisan.itembox.cloud/product/008/000000000839/000000000839-07.jpg?size=l&w=ODAw&t=20210930144005,https://shop.artisan-atelier.net/c/bag/toyooka_kaban/OFB002,漁網ナイロン|軽量|ボトル収納|タブレット収納|13-14インチPC収納|15-16インチPC収納|A4収納,ユニセックス|メンズ|レディース|普段使い|旅行|出張,FALSE,FALSE,FALSE,FALSE,FALSE,TRUE,在庫あり
株式会社ハシモト,OFB003,魚網ナイロンポーチ,15400,ottorossi,鞄：ミニショルダー・ポーチ,,for the Blue,オーシャンブルー|ディープブルー,BLUE,合成繊維,W200×H150×D60mm,約175g,ボストンのサブバッグとしても使える、ottorossiのミニポーチ。,-,-,-,-,-,-,-,-,https://artisan.itembox.cloud/product/008/000000000840/000000000840-07.jpg?size=l&w=ODAw&t=20210922183256,https://shop.artisan-atelier.net/c/bag/toyooka_kaban/OFB003,漁網ナイロン|軽量,ユニセックス|メンズ|レディース|普段使い|旅行,FALSE,FALSE,FALSE,FALSE,FALSE,TRUE,在庫あり
株式会社ハシモト,OFB121,漁網ナイロンスリングショルダー,41800,ottorossi,鞄：ボディ・ウエスト,,for the Blue,ブラック／スカイ|ブラック／トープ|ブラック／ブラック|ブラック／レッド,RED|BLUE|BLACK|BEIGE,合成繊維,W330×H440×D20mm,約485g,ナイロン×革のバイカラーが個性を強調。ottorossiのボディバッグNEWモデル。,-,-,-,-,-,-,-,-,https://artisan.itembox.cloud/product/011/000000001175/000000001175-08.jpg?size=l&w=ODAw&t=20230615200227,https://shop.artisan-atelier.net/c/bag/toyooka_kaban/OFB121,漁網ナイロン|軽量|ボトル収納|タブレット収納,ユニセックス|メンズ|レディース|普段使い|旅行|街歩き,FALSE,FALSE,FALSE,FALSE,FALSE,TRUE,在庫あり
株式会社ハシモト,OFB122,漁網ナイロンリュック,46200,ottorossi,鞄：リュック・デイパック,,for the Blue,ブラック／スカイ|ブラック／トープ|ブラック／ブラック|ブラック／レッド,RED|BLUE|BLACK|BEIGE,合成繊維,W320×H400×D120mm,約820g,再生ナイロン仕様で軽快に。スマートなフォルムが人気のottorossiリュック、NEWモデル。,-,-,-,-,-,-,-,-,https://artisan.itembox.cloud/product/011/000000001176/000000001176-08.jpg?size=l&w=ODAw&t=20230621084751,https://shop.artisan-atelier.net/c/bag/toyooka_kaban/OFB122,漁網ナイロン|軽量|ボトル収納|タブレット収納|13-14インチPC収納|A4収納,ユニセックス|メンズ|レディース|普段使い|旅行|街歩き,FALSE,FALSE,FALSE,FALSE,FALSE,TRUE,在庫あり
株式会社ハシモト,OFB123,漁網ナイロンショルダーバッグ,35200,ottorossi,鞄：ショルダー,,for the Blue,ブラック／スカイ|ブラック／トープ|ブラック／ブラック|ブラック／レッド,RED|BLUE|BLACK|BEIGE,合成繊維,W340×H250×D20mm,約430g,カジュアルの中に漂う高級感。ottorossi定番ショルダーの再生ナイロンMIX。,-,-,-,-,-,-,-,-,https://artisan.itembox.cloud/product/011/000000001177/000000001177-09.jpg?size=l&w=ODAw&t=20230621090558,https://shop.artisan-atelier.net/c/bag/toyooka_kaban/OFB123,漁網ナイロン|軽量|ボトル収納|タブレット収納,ユニセックス|メンズ|レディース|普段使い|旅行|街歩き,FALSE,FALSE,FALSE,FALSE,FALSE,TRUE,在庫あり
株式会社ハシモト,ORA001,ピエガーレ ボディバッグ,48400,ottorossi,鞄：ボディ・ウエスト,,,BLACK|BROWN|GRAY|NAVY|NAVY/SKY|NAVY/YELLOW|OFFWHITE|RED|TAUPE|WHITE|YELLOW|KAHKI|KAHKI/MINT GREEN,YELLOW|RED|GREEN|NAVY|GRAY|WHITE|BLACK|BROWN|BEIGE,天然皮革・本革,W350×H430×D30mm,約610g,レザーをテクニカルにデザイン。あらゆるスタイルにフィットする驚き。,-,-,-,-,-,-,-,-,https://artisan.itembox.cloud/product/001/000000000180/000000000180-21.jpg?size=l&w=ODAw&t=20200109143351,https://shop.artisan-atelier.net/c/bag/toyooka_kaban/ORA001,牛革|ボトル収納|タブレット収納,ユニセックス|メンズ|レディース|普段使い|旅行|街歩き,FALSE,FALSE,TRUE,TRUE,TRUE,TRUE,在庫あり
株式会社ハシモト,ORA002,ピエガーレ 口折リュック,61600,ottorossi,鞄：リュック・デイパック,,Artisanオリジナルカラー,BLACK|BROWN|GRAY|NAVY|NAVY/SKY|NAVY/YELLOW|OFFWHITE|RED|TAUPE|WHITE|YELLOW|BALSAMICO|GREEN,YELLOW|RED|GREEN|NAVY|GRAY|WHITE|BLACK|BROWN|BEIGE,天然皮革・本革,W270×H390×D120mm,約900g,きれいな後ろ姿になる。美しく持つリュック。,-,-,-,-,-,-,-,-,https://artisan.itembox.cloud/product/000/000000000042/000000000042-27.jpg?size=l&w=ODAw&t=20231227143514,https://shop.artisan-atelier.net/c/bag/toyooka_kaban/ORA002,牛革|ボトル収納|タブレット収納|13-14インチPC収納|A4収納,ユニセックス|メンズ|レディース|普段使い|旅行|街歩き,TRUE,FALSE,TRUE,TRUE,TRUE,TRUE,在庫あり
株式会社ハシモト,ORA003,ピエガーレ 口折ショルダーバッグ,42900,ottorossi,鞄：ショルダー,,,BLACK|BROWN|GRAY|NAVY|NAVY/SKY|NAVY/YELLOW|OFFWHITE|RED|TAUPE|WHITE|YELLOW,YELLOW|RED|NAVY|GRAY|WHITE|BLACK|BROWN|BEIGE,天然皮革・本革,W340×H260×D30mm,約600g,洗練されたシンプルな鞄が、ありふれた日常を変える。,-,-,-,-,-,-,-,-,https://artisan.itembox.cloud/product/002/000000000222/000000000222-17.jpg?size=l&w=ODAw&t=20200109142611,https://shop.artisan-atelier.net/c/bag/toyooka_kaban/ORA003,牛革|ボトル収納|タブレット収納,ユニセックス|メンズ|レディース|普段使い|旅行|街歩き,FALSE,FALSE,FALSE,FALSE,FALSE,TRUE,在庫あり
株式会社ハシモト,ORA004,ピエガーレ サコッシュ／ミニショルダー,36300,ottorossi,鞄：ミニショルダー・ポーチ,,Artisanオリジナルカラー,BLACK|BROWN|GRAY|NAVY|NAVY/SKY|NAVY/YELLOW|OFFWHITE|RED|TAUPE|WHITE|YELLOW|BALSAMICO|GREEN／MINT|MINT,YELLOW|RED|GREEN|NAVY|GRAY|WHITE|BLACK|BROWN|BEIGE,天然皮革・本革,W280×H215×D30mm,約410g,レザーの色気をまとい、大人はカジュアルを上手に遊ぶ。,-,-,-,-,-,-,-,-,https://artisan.itembox.cloud/product/002/000000000221/000000000221-29.jpg?size=l&w=ODAw&t=20231215204855,https://shop.artisan-atelier.net/c/bag/toyooka_kaban/ORA004,牛革|ボトル収納|タブレット収納,ユニセックス|メンズ|レディース|普段使い|旅行|街歩き,TRUE,FALSE,TRUE,FALSE,TRUE,TRUE,在庫あり
株式会社ハシモト,ORA005,オルダリー ブリーフケースM,50600,ottorossi,鞄：ビジネス・フォーマル,,,BLACK|NAVY|TAUPE,NAVY|BLACK|BEIGE,天然皮革・本革,W390×H280×D90mm,約670g,整然と美しい革のシボ、スマートで端正な作り。お洒落な大人が持つ書類鞄。,-,-,-,-,-,-,-,-,https://artisan.itembox.cloud/product/000/000000000025/000000000025-07.jpg?size=l&w=ODAw&t=20191226172448,https://shop.artisan-atelier.net/c/bag/toyooka_kaban/ORA005,牛革|ボトル収納|タブレット収納|13-14インチPC収納|A4収納,ユニセックス|メンズ|レディース|普段使い|旅行|街歩き,FALSE,FALSE,FALSE,FALSE,FALSE,TRUE,在庫あり
株式会社ハシモト,ORA006,オルダリー ブリーフケースS,44000,ottorossi,鞄：ビジネス・フォーマル,,,BLACK|NAVY|TAUPE,NAVY|BLACK|BEIGE,天然皮革・本革,W330×H230×D80mm,約530g,洗練されたミニマムなデザイン。計算されたミニマムなサイズ感。,-,-,-,-,-,-,-,-,https://artisan.itembox.cloud/product/000/000000000026/000000000026-07.jpg?size=l&w=ODAw&t=20191226172652,https://shop.artisan-atelier.net/c/bag/toyooka_kaban/ORA006,牛革|ボトル収納|タブレット収納|13-14インチPC収納|A4収納,ユニセックス|メンズ|レディース|普段使い|旅行|街歩き,FALSE,FALSE,FALSE,FALSE,FALSE,TRUE,在庫あり
株式会社ハシモト,ORA007,オルダリー トートバッグ,56100,ottorossi,鞄：トート,,,BLACK|NAVY/SKY|NAVY/YELLOW|TAUPE/OFFWHITE,YELLOW|NAVY|WHITE|BLACK|BEIGE,天然皮革・本革,W370×H350×D120mm,約815g,どんなシーンでも引き立たせてくれる。長く付き合える愛すべきトート。,-,-,-,-,-,-,-,-,https://artisan.itembox.cloud/product/001/000000000106/000000000106-08.jpg?size=l&w=ODAw&t=20191226173024,https://shop.artisan-atelier.net/c/bag/toyooka_kaban/ORA007,牛革|ボトル収納|タブレット収納|13-14インチPC収納|15-16インチPC収納|A4収納,ユニセックス|メンズ|レディース|普段使い|旅行|街歩き,FALSE,FALSE,FALSE,FALSE,FALSE,TRUE,在庫あり
株式会社ハシモト,ORA008,レザーフラップポシェット,33000,ottorossi,鞄：ミニショルダー・ポーチ,,,BLACK|BLACK/GRAY|BOSCO|BROWN|DARK-GRAY|LAVA|NAVY|NAVY/SKY|OFFWHITE|ORANGE|RED/PINK|TAUPE|YELLOW,PINK|ORANGE|YELLOW|RED|NAVY|GRAY|WHITE|BLACK|BROWN|BEIGE,天然皮革・本革,W230×H170×D35mm,約330g,フラップが機能的な秀逸デザイン。愛らしく格好良い、ミニショルダー。,-,-,-,-,-,-,-,-,https://artisan.itembox.cloud/product/012/000000001245/000000001245-19.jpg?size=l&w=ODAw&t=20240515171438,https://shop.artisan-atelier.net/c/bag/toyooka_kaban/ORA008,牛革|コンパクト,ユニセックス|メンズ|レディース|普段使い|旅行|街歩き,FALSE,FALSE,FALSE,FALSE,TRUE,TRUE,在庫あり
株式会社ハシモト,ORB031,スマートリュック,69740,ottorossi,鞄：リュック・デイパック,,,ブラック,BLACK,天然皮革・本革,,,,-,-,-,-,-,-,-,-,https://shop.artisan-atelier.net/images/whats_toyookakaban.png,,牛革|ボトル収納|タブレット収納|13-14インチPC収納|A4収納,ユニセックス|メンズ|レディース|普段使い|旅行|街歩き,FALSE,FALSE,FALSE,FALSE,FALSE,TRUE,在庫あり
株式会社ハシモト,ORB032,スマートボディバッグ,42350,ottorossi,鞄：ボディ・ウエスト,,,ブラック,BLACK,天然皮革・本革,,,,-,-,-,-,-,-,-,-,https://shop.artisan-atelier.net/images/whats_toyookakaban.png,,牛革|ボトル収納,ユニセックス|メンズ|レディース|普段使い|旅行|街歩き,FALSE,FALSE,FALSE,FALSE,FALSE,TRUE,在庫あり
株式会社ハシモト,ORC111,マスクケース,3850,ottorossi,小物：豊岡小物,,,イエロー|エボニー|オレンジ|キャメル|グリーン|グレー|サックスブルー|シルバー|スカイ|ネイビー|パープル|ハニー|ピンク|ブルー|ホワイト|マリンブルー|モカ|レッド|ワイン,METALLIC|PURPLE|PINK|ORANGE|YELLOW|RED|GREEN|NAVY|BLUE|GRAY|WHITE|BLACK|BROWN,天然皮革・本革,W75×H115×D10mm,約40g,豊富なカラー展開から自分色を選べる上質なレザーマスクケース。,-,-,-,-,-,-,-,-,https://artisan.itembox.cloud/product/009/000000000993/000000000993-17.jpg?size=l&w=ODAw&t=20220613093246,https://shop.artisan-atelier.net/c/goods/toyookagoods/ORC111,牛革,ユニセックス|メンズ|レディース|ビジネス|普段使い|ギフト,FALSE,FALSE,FALSE,FALSE,FALSE,TRUE,在庫あり
株式会社ハシモト,ORC112,3Dマスクケース,4510,ottorossi,小物：豊岡小物,,,イエロー|エボニー|オレンジ|キャメル|グリーン|グレー|サックスブルー|シルバー|スカイ|ネイビー|パープル|ハニー|ピンク|ブルー|ホワイト|マリンブルー|モカ|レッド|ワイン,METALLIC|PURPLE|PINK|ORANGE|YELLOW|RED|GREEN|NAVY|BLUE|GRAY|WHITE|BLACK|BROWN,天然皮革・本革,W164×H80×D10mm,約40g,折り目を付けずに収納できる立体マスク用レザーケース。,-,-,-,-,-,-,-,-,https://artisan.itembox.cloud/product/009/000000000996/000000000996-16.jpg?size=l&w=ODAw&t=20220613101254,https://shop.artisan-atelier.net/c/goods/toyookagoods/ORC112,牛革,ユニセックス|メンズ|レディース|ビジネス|普段使い|ギフト,FALSE,FALSE,FALSE,FALSE,FALSE,TRUE,在庫あり
株式会社ハシモト,ORC113,グラスケース,3410,ottorossi,小物：豊岡小物,,,イエロー|エボニー|オレンジ|キャメル|グリーン|グレー|サックスブルー|シルバー|スカイ|ネイビー|パープル|ハニー|ピンク|ブルー|ホワイト|マリンブルー|モカ|レッド|ワイン,METALLIC|PURPLE|PINK|ORANGE|YELLOW|RED|GREEN|NAVY|BLUE|GRAY|WHITE|BLACK|BROWN,天然皮革・本革,W160×H65×D10mm,約30g,ottorossi（オットロッシ）ブランドの革を使用した、コンパクトなメガネケース。,-,-,-,-,-,-,-,-,https://artisan.itembox.cloud/product/009/000000000995/000000000995-20.jpg?size=l&w=ODAw&t=20220613103245,https://shop.artisan-atelier.net/c/goods/toyookagoods/ORC113,牛革,ユニセックス|メンズ|レディース|ビジネス|普段使い|ギフト,FALSE,FALSE,FALSE,FALSE,FALSE,TRUE,在庫あり
株式会社ハシモト,ORC114,IDケース,5060,ottorossi,小物：豊岡小物,,,イエロー|エボニー|オレンジ|キャメル|グリーン|グレー|サックスブルー|シルバー|スカイ|ネイビー|パープル|ハニー|ピンク|ブルー|ホワイト|マリンブルー|モカ|レッド|ワイン,METALLIC|PURPLE|PINK|ORANGE|YELLOW|RED|GREEN|NAVY|BLUE|GRAY|WHITE|BLACK|BROWN,天然皮革・本革,W100×H97×D5mm,約40g,気分に合わせて好きな色を。豊岡の職人が作る上質レザーのIDケース。,-,-,-,-,-,-,-,-,https://artisan.itembox.cloud/product/009/000000000997/000000000997-20.jpg?size=l&w=ODAw&t=20220613105201,https://shop.artisan-atelier.net/c/goods/toyookagoods/ORC114,牛革,ユニセックス|メンズ|レディース|ビジネス|普段使い|ギフト,FALSE,FALSE,FALSE,FALSE,FALSE,TRUE,在庫あり
株式会社ハシモト,ORC115,ネックストラップ,5280,ottorossi,小物：豊岡小物,,,イエロー|エボニー|オレンジ|キャメル|グリーン|グレー|サックスブルー|シルバー|スカイ|ネイビー|パープル|ハニー|ピンク|ブルー|ホワイト|マリンブルー|モカ|レッド|ワイン,METALLIC|PURPLE|PINK|ORANGE|YELLOW|RED|GREEN|NAVY|BLUE|GRAY|WHITE|BLACK|BROWN,天然皮革・本革,W24×H420mm,約40g,ottorossi（オットロッシ）ブランドの革を使用した、マルチネックストラップ。,-,-,-,-,-,-,-,-,https://artisan.itembox.cloud/product/009/000000000998/000000000998-12.jpg?size=l&w=ODAw&t=20220613110500,https://shop.artisan-atelier.net/c/goods/toyookagoods/ORC115,牛革,ユニセックス|メンズ|レディース|ビジネス|普段使い|ギフト,FALSE,FALSE,FALSE,FALSE,FALSE,TRUE,在庫あり
株式会社ハシモト,ORC116,コインケース,3300,ottorossi,小物：豊岡小物,,,イエロー|エボニー|オレンジ|キャメル|グリーン|グレー|サックスブルー|シルバー|スカイ|ネイビー|パープル|ハニー|ピンク|ブルー|ホワイト|マリンブルー|モカ|レッド|ワイン,METALLIC|PURPLE|PINK|ORANGE|YELLOW|RED|GREEN|NAVY|BLUE|GRAY|WHITE|BLACK|BROWN,天然皮革・本革,W105×H70×D10mm,約30g,豊富なカラーからお気に入りを。シンプルでコンパクトな革製コインケース。,-,-,-,-,-,-,-,-,https://artisan.itembox.cloud/product/009/000000000999/000000000999-06.jpg?size=l&w=ODAw&t=20220613135011,https://shop.artisan-atelier.net/c/goods/toyookagoods/ORC116,牛革,ユニセックス|メンズ|レディース|ビジネス|普段使い|ギフト,FALSE,FALSE,FALSE,FALSE,FALSE,TRUE,在庫あり
株式会社ハシモト,ORC117,ハンドストラップ,6380,ottorossi,小物：豊岡小物,,,イエロー|エボニー|オレンジ|キャメル|グリーン|グレー|サックスブルー|シルバー|スカイ|ネイビー|パープル|ハニー|ピンク|ブルー|ホワイト|マリンブルー|モカ|レッド|ワイン,METALLIC|PURPLE|PINK|ORANGE|YELLOW|RED|GREEN|NAVY|BLUE|GRAY|WHITE|BLACK|BROWN,天然皮革・本革,W30×H150mm,約40g,ottorossi（オットロッシ）の革を使用。鞄等に取り付けて便利なストラップ。,-,-,-,-,-,-,-,-,https://artisan.itembox.cloud/product/009/000000000994/000000000994-01.jpg?size=l&w=ODAw&t=20220613135939,https://shop.artisan-atelier.net/c/goods/toyookagoods/ORC117,牛革,ユニセックス|メンズ|レディース|ビジネス|普段使い|ギフト,FALSE,FALSE,FALSE,FALSE,FALSE,TRUE,在庫あり
株式会社ハシモト,ORC124,スマホショルダー,12100,ottorossi,小物：豊岡小物,,,エボニー|キャメル|グリーン|サックスブルー|ネイビー|ハニー|ブラック|モカ|レッド|ワイン,YELLOW|RED|GREEN|NAVY|BLUE|BLACK|BROWN,天然皮革・本革,W130×H170×D4mm,約90g,カラバリ豊富なシュリンクレザー。スマホ+カード1枚収納。,-,-,-,-,-,-,-,-,https://artisan.itembox.cloud/product/012/000000001204/000000001204-13.jpg?size=l&w=ODAw&t=20231220105649,https://shop.artisan-atelier.net/c/bag/toyooka_kaban/ORC124,牛革,ユニセックス|メンズ|レディース|ビジネス|普段使い|ギフト,FALSE,FALSE,FALSE,FALSE,FALSE,TRUE,在庫あり
株式会社ハシモト,ORC125,マルチケース,4620,ottorossi,小物：豊岡小物,,,イエロー|エボニー|オレンジ|キャメル|グリーン|グレー|サックスブルー|スカイ|ネイビー|パープル|ハニー|ピンク|ブルー|ホワイト|マリンブルー|モカ|レッド|ワイン,PURPLE|PINK|ORANGE|YELLOW|RED|GREEN|NAVY|BLUE|GRAY|WHITE|BLACK|BROWN,天然皮革・本革,W110×H80×D10mm,約40g,お好みの用途で使えるカラバリ豊富なマルチケース。,-,-,-,-,-,-,-,-,https://artisan.itembox.cloud/product/012/000000001207/000000001207-16.jpg?size=l&w=ODAw&t=20231227174056,https://shop.artisan-atelier.net/c/goods/toyookagoods/ORC125,牛革,ユニセックス|メンズ|レディース|ビジネス|普段使い|ギフト,FALSE,FALSE,FALSE,FALSE,FALSE,TRUE,在庫あり
株式会社ハシモト,ORC126,グラスケースⅡ,4620,ottorossi,小物：豊岡小物,,,イエロー|エボニー|オレンジ|キャメル|グリーン|グレー|サックスブルー|スカイ|ネイビー|パープル|ハニー|ピンク|ブルー|ホワイト|マリンブルー|モカ|レッド|ワイン,PURPLE|PINK|ORANGE|YELLOW|RED|GREEN|NAVY|BLUE|GRAY|WHITE|BLACK|BROWN,天然皮革・本革,W170×H75×D10mm,約40g,自分色の上質シンプルなグラスケース。,-,-,-,-,-,-,-,-,https://artisan.itembox.cloud/product/012/000000001208/000000001208-02.jpg?size=l&w=ODAw&t=20240105143003,https://shop.artisan-atelier.net/c/goods/toyookagoods/ORC126,牛革,ユニセックス|メンズ|レディース|ビジネス|普段使い|ギフト,FALSE,FALSE,FALSE,FALSE,FALSE,TRUE,在庫あり
株式会社ハシモト,ORC127,クロシェット,4180,ottorossi,小物：豊岡小物,,,イエロー|エボニー|オレンジ|キャメル|グリーン|グレー|サックスブルー|スカイ|ネイビー|パープル|ハニー|ピンク|ブルー|ホワイト|マリンブルー|モカ|レッド|ワイン,PURPLE|PINK|ORANGE|YELLOW|RED|GREEN|NAVY|BLUE|GRAY|WHITE|BLACK|BROWN,天然皮革・本革,W80×H95×D10mm,約40g,お気に入りのバッグに、さりげなくアクセント。,-,-,-,-,-,-,-,-,https://artisan.itembox.cloud/product/012/000000001209/000000001209-09.jpg?size=l&w=ODAw&t=20240105165630,https://shop.artisan-atelier.net/c/goods/toyookagoods/ORC127,牛革,ユニセックス|メンズ|レディース|ビジネス|普段使い|ギフト,FALSE,FALSE,FALSE,FALSE,FALSE,TRUE,在庫あり
株式会社ハシモト,ORY001,ミーテ 2WAY トートバッグ,47300,ottorossi,鞄：トート,,,BLACK|NAVY|TAUPE,NAVY|BLACK|BEIGE,天然皮革・本革,W340×H330×D80mm,約720g,小さなハンドル、バイカラーのショルダーが個性的。ON/OFFどちらも使えるシュリンクレザー2WAYトート。,-,-,-,-,-,-,-,-,https://artisan.itembox.cloud/product/005/000000000577/000000000577-12.jpg?size=l&w=ODAw&t=20200526170101,https://shop.artisan-atelier.net/c/bag/toyooka_kaban/ORY001,牛革|ボトル収納|タブレット収納|13-14インチPC収納|A4収納,レディース|ビジネス|普段使い|旅行|街歩き,FALSE,FALSE,FALSE,FALSE,TRUE,TRUE,在庫あり
株式会社ハシモト,ORY002,ミーテ ミニショルダーバッグ,41800,ottorossi,鞄：ミニショルダー・ポーチ,,,BLACK|NAVY|TAUPE,NAVY|BLACK|BEIGE,天然皮革・本革,W280×H170×D80mm,約430g,コンパクトでもイロイロ入る便利なサイズ。上品なシボの柔らかレザーミニショルダー。,-,-,-,-,-,-,-,-,https://artisan.itembox.cloud/product/005/000000000574/000000000574-09.jpg?size=l&w=ODAw&t=20200526172033,https://shop.artisan-atelier.net/c/bag/toyooka_kaban/ORY002,牛革|ボトル収納,レディース|ビジネス|普段使い|旅行|街歩き,FALSE,FALSE,FALSE,FALSE,TRUE,TRUE,在庫あり
株式会社ハシモト,ORY003,ミーテ ウォレットバッグ,26400,ottorossi,鞄：ミニショルダー・ポーチ,,,BLACK|NAVY|TAUPE,NAVY|BLACK|BEIGE,天然皮革・本革,W240×H130×D30mm,約240g,洋服と合わせてたのしむお財布。上品でキュートなレザーウォレットショルダー。,-,-,-,-,-,-,-,-,https://artisan.itembox.cloud/product/005/000000000576/000000000576-08.jpg?size=l&w=ODAw&t=20200526172932,https://shop.artisan-atelier.net/c/bag/toyooka_kaban/ORY003,牛革|コンパクト,レディース|普段使い|旅行|街歩き,FALSE,FALSE,FALSE,FALSE,TRUE,TRUE,在庫あり
株式会社ハシモト,ORY131,フラットトート(M),46200,ottorossi,鞄：トート,,,アイボリー|オレンジ|サックスブルー|トープ|ブラック,ORANGE|BLUE|WHITE|BLACK|BEIGE,天然皮革・本革,W350×H260×D70mm,約410g,カラフルな革小物をデコレーションして、オリジナルのレザーバッグに。,-,-,-,-,-,-,-,-,https://artisan.itembox.cloud/product/013/000000001335/000000001335-08.jpg?size=l&w=ODAw&t=20250319102223,https://shop.artisan-atelier.net/c/bag/toyooka_kaban/ORY131,牛革,レディース|普段使い|旅行|街歩き,FALSE,FALSE,FALSE,FALSE,FALSE,TRUE,取寄せ
株式会社ハシモト,TAO-001,for the Blue ミニバッグ,12980,,鞄：トート,,for the Blue,オーシャンブルー|ディープブルー,BLUE,合成繊維,W260×H200×D140mm,約180g,軽くてもしっかり自立。ふんわり優しい手触り、再生素材のミニトート。,-,-,-,-,-,-,-,-,https://artisan.itembox.cloud/product/009/000000000963/000000000963-08.jpg?size=l&w=ODAw&t=20220309110037,https://shop.artisan-atelier.net/c/bag/toyooka_kaban/TAO001,漁網ナイロン|軽量,レディース|普段使い|旅行|街歩き,FALSE,FALSE,FALSE,FALSE,FALSE,TRUE,在庫あり
株式会社モリタ,AM01,Hamoni ショルダーバッグ Waltz,39600,,鞄：ショルダー,,Artisanオリジナル,キャメル|グリーン|ブラック|ワイン,RED|GREEN|BLACK|BROWN,天然皮革・本革,W260×H185×D70mm,約570g,お客様とスタッフの声から生まれた、今求められている鞄。シンプルでストレスフリーなレザーショルダーバッグ。,-,-,-,-,-,-,-,-,https://artisan.itembox.cloud/product/013/000000001324/000000001324-06.jpg?size=l&w=ODAw&t=20250122171421,https://shop.artisan-atelier.net/c/bag/toyooka_kaban/AM01,牛革|Artisan限定,ユニセックス|メンズ|レディース|普段使い|旅行|街歩き,TRUE,FALSE,TRUE,TRUE,TRUE,TRUE,在庫あり
株式会社モリタ,AM02,string tote,42900,,鞄：トート,,Artisanオリジナル,ネイビー,NAVY,帆布・織物,W310×H370×D150mm,約670g,構造が、佇まいをつくる。,-,-,-,-,-,-,-,-,https://artisan.itembox.cloud/product/014/000000001450/000000001450-11.jpg?size=l&w=ODAw&t=20260127122014,https://shop.artisan-atelier.net/c/bag/toyooka_kaban/AM02,再生デニム|Artisan限定,ユニセックス|メンズ|レディース|普段使い|旅行|街歩き,TRUE,FALSE,FALSE,TRUE,FALSE,TRUE,在庫あり
株式会社モリタ,AYM01,DAY Boston,39600,Artisan Avenue,鞄：ボストン,,Artisanオリジナル,トープ×ネイビーグリーン|ブラウン×ダークブラウン|ブラック,ORANGE|BLUE|BROWN|BLACK|BEIGE,天然皮革・本革,W260×H200×D70mm,約620g,若手職人が考えた格好良い革鞄。シンプルでも細部までこだわり。,-,-,-,-,-,-,-,-,https://artisan.itembox.cloud/product/015/000000001575/000000001575-01.jpg?size=l&w=ODAw&t=20260919213322,https://shop.artisan-atelier.net/c/bag/toyooka_kaban/AYM01,牛革|オールレザー|ボトル収納|タブレット収納|Artisan限定,ユニセックス|メンズ|レディース|普段使い|旅行|街歩き,TRUE,TRUE,TRUE,TRUE,TRUE,TRUE,在庫あり
株式会社モリタ,MBC014,TOTTE サコッシュ,21560,TOTTE,鞄：ミニショルダー・ポーチ,,,オレンジ|カーキ|ダークグリーン|ネイビー|ブラック,ORANGE|GREEN|NAVY|BLACK,天然皮革・本革,W280×H210×D10mm,約270g,「TOTTE（トッテ）」らしい上品なテイスト。大人のカジュアルを楽しむサコッシュ。,-,-,-,-,-,-,-,-,https://artisan.itembox.cloud/product/007/000000000761/000000000761-08.jpg?size=l&w=ODAw&t=20210213111552,https://shop.artisan-atelier.net/c/bag/toyooka_kaban/MBC014,牛革|コンパクト,ユニセックス|普段使い|旅行|街歩き,TRUE,FALSE,TRUE,TRUE,TRUE,TRUE,在庫あり
株式会社モリタ,MBC017,TOTTE シュリンクトート,59400,TOTTE,鞄：ビジネス・フォーマル,,,ブラック|ベージュ,BLACK|BEIGE,天然皮革・本革,W340×H240×D100mm,約760g,シュリンク革の新仕様。取っ手に特化したブランドが作る渾身の技。,-,-,-,-,-,-,-,-,https://artisan.itembox.cloud/product/009/000000000965/000000000965-09.jpg?size=l&w=ODAw&t=20220324103529,https://shop.artisan-atelier.net/c/bag/toyooka_kaban/MBC017,牛革,レディース|ビジネス|冠婚葬祭,FALSE,FALSE,FALSE,FALSE,FALSE,TRUE,在庫あり
株式会社モリタ,MBC018,TOTTE シュリンクサコッシュ,25300,TOTTE,鞄：ミニショルダー・ポーチ,,,アイボリー|オリーブ|オレンジ|キャメル|ブラック,ORANGE|GREEN|WHITE|BLACK|BROWN,天然皮革・本革,W280×H210×D20mm,約360g,シュリンク革の新仕様。ちょうど良いサイズのレザーサコッシュ。,-,-,-,-,-,-,-,-,https://artisan.itembox.cloud/product/009/000000000982/000000000982-10.jpg?size=l&w=ODAw&t=20220507105711,https://shop.artisan-atelier.net/c/bag/toyooka_kaban/MBC018,牛革|コンパクト,ユニセックス|メンズ|レディース|普段使い|旅行|街歩き,TRUE,FALSE,TRUE,TRUE,TRUE,TRUE,在庫あり
株式会社モリタ,MBC020,For The Blue DENIM ドローストリングバッグ,22000,TOTTE,鞄：ショルダー,,,インディゴ,BLUE,合成繊維,W210×H230×D140mm,約360g,革ハンドルが個性的。キュートな佇まいが人気の、再生デニムミニショルダー。,-,-,-,-,-,-,-,-,https://artisan.itembox.cloud/product/011/000000001174/000000001174-01.jpg?size=l&w=ODAw&t=20230602171256,https://shop.artisan-atelier.net/c/bag/toyooka_kaban/MBC020,漁網デニム|軽量,レディース|普段使い|旅行|街歩き,FALSE,FALSE,FALSE,FALSE,FALSE,TRUE,在庫あり
株式会社モリタ,MBC021,TOTTE 2WAYショルダー,41800,TOTTE,鞄：ショルダー,,,エッグ|グレー|ベージュ,GRAY|WHITE|BEIGE,合成繊維,W400×H500×D150mm,約680g,肩掛けしやすいハンドルが特徴。2つのスタイルを使い分けて、仕事もOFFも軽快に。,-,-,-,-,-,-,-,-,https://artisan.itembox.cloud/product/011/000000001191/000000001191-10.jpg?size=l&w=ODAw&t=20230728095904,https://shop.artisan-atelier.net/c/bag/toyooka_kaban/MBC021,ナイロン|軽量|ボトル収納|タブレット収納,レディース|普段使い|旅行|街歩き,FALSE,FALSE,FALSE,FALSE,FALSE,TRUE,在庫あり
株式会社モリタ,MBC022,TOTTE 3WAYリュック,83600,TOTTE,鞄：リュック・デイパック,,,ネイビーグリーン|ブラック|ボルドー,RED|GREEN|NAVY|BLACK,天然皮革・本革,W270×H410×D115mm,約1180g,革がリニューアル。固定ベルトが付属。革取っ手に特化したブランドが作る大人の3WAYバッグ。,-,-,-,-,-,-,-,-,https://artisan.itembox.cloud/product/012/000000001269/000000001269-09.jpg?size=l&w=ODAw&t=20240709094127,https://shop.artisan-atelier.net/c/bag/toyooka_kaban/MBC022,牛革|ボトル収納|タブレット収納|13-14インチPC収納|A4収納,ユニセックス|メンズ|レディース|普段使い|旅行|街歩き,FALSE,FALSE,FALSE,FALSE,FALSE,TRUE,在庫あり
株式会社モリタ,MBC023,クリークトート,59400,TOTTE,鞄：ビジネス・フォーマル,,,ネイビー|ブラック|ベージュ,NAVY|BLACK|BEIGE,天然皮革・本革,W340×H240×D100mm,約760g,荷物が増えてしまう大切な場面でも、安心の容量でスマートに。綺麗なシボが特徴の手持ちトート。,-,-,-,-,-,-,-,-,https://artisan.itembox.cloud/product/013/000000001322/000000001322-08.jpg?size=l&w=ODAw&t=20241206174357,https://shop.artisan-atelier.net/c/bag/toyooka_kaban/MBC023,牛革|ボトル収納|タブレット収納,レディース|ビジネス|冠婚葬祭,FALSE,FALSE,FALSE,FALSE,FALSE,TRUE,在庫あり
株式会社モリタ,MBC024,クリーク　ボストン,58300,TOTTE,鞄：ボストン,,,ブラック|ベージュ|ボルドー,RED|BLACK|BEIGE,天然皮革・本革,W290×H230×D190mm,約1100g,仕立ての美しさが際立つ水シボレザーのボストン。,-,-,-,-,-,-,-,-,https://artisan.itembox.cloud/product/013/000000001351/000000001351-10.jpg?size=l&w=ODAw&t=20250428101801,https://shop.artisan-atelier.net/c/bag/toyooka_kaban/MBC024,牛革|ボトル収納|タブレット収納,ユニセックス|メンズ|レディース|普段使い|旅行|街歩き,FALSE,FALSE,FALSE,FALSE,FALSE,TRUE,在庫あり
株式会社モリタ,MBC025,クリーク　ミニボストン,39600,TOTTE,鞄：ボストン,,,ブラック|ベージュ|ボルドー,RED|BLACK|BEIGE,天然皮革・本革,W200×H170×D110mm,約510g,丸みのあるフォルムに美しいハンドル。普段使いで活躍する革のミニボストン。,-,-,-,-,-,-,-,-,https://artisan.itembox.cloud/product/015/000000001524/000000001524-07.jpg?size=l&w=ODAw&t=20260610113946,https://shop.artisan-atelier.net/c/bag/toyooka_kaban/MBC025,牛革|ボトル収納|タブレット収納|コンパクト,ユニセックス|メンズ|レディース|普段使い|旅行|街歩き,FALSE,FALSE,FALSE,FALSE,FALSE,TRUE,在庫あり
株式会社モリタ,MBF010,TOTTE カブセフォーマルバッグ,47300,TOTTE,鞄：ビジネス・フォーマル,,,グレージュ|ブラック|ベージュ|ホワイト,GRAY|WHITE|BLACK|BEIGE,天然皮革・本革,W280×H170×D80mm,約460g,シンプルな作りの中に、確かな技術とこだわり。これが豊岡の美しいハンドバッグ。,-,-,-,-,-,-,-,-,https://artisan.itembox.cloud/product/002/000000000283/000000000283-14.jpg?size=l&w=ODAw&t=20191226183356,https://shop.artisan-atelier.net/c/bag/toyooka_kaban/MBF010,牛革,レディース|ビジネス|冠婚葬祭,FALSE,FALSE,FALSE,FALSE,FALSE,TRUE,在庫あり
株式会社モリタ,MBF011,TOTTE 天ファスナーフォーマルバッグ,47850,TOTTE,鞄：ビジネス・フォーマル,,,グレージュ|ブラック|ホワイト,GRAY|WHITE|BLACK|BEIGE,天然皮革・本革,W310×H210×D100mm,約500g,特別な日に使いたい。革を丁寧に縫い上げた、とっておきの美しい鞄。,-,-,-,-,-,-,-,-,https://artisan.itembox.cloud/product/002/000000000282/000000000282-16.jpg?size=l&w=ODAw&t=20191226183027,https://shop.artisan-atelier.net/c/bag/toyooka_kaban/MBF011,牛革,レディース|ビジネス|冠婚葬祭,FALSE,FALSE,FALSE,FALSE,FALSE,TRUE,在庫あり
株式会社モリタ,MK010,コインケース,1980,TOTTE,小物：豊岡小物,,,アソート,OTHER,天然皮革・本革,W80×H70×D30mm,,カラーバリエーション豊富。TOTTEオリジナルのコインケース。,-,-,-,-,-,-,-,-,https://artisan.itembox.cloud/product/009/000000000989/000000000989-10.jpg?size=l&w=ODAw&t=20220608183659,https://shop.artisan-atelier.net/c/goods/toyookagoods/MK010,牛革|豊岡小物,ユニセックス|メンズ|レディース|普段使い|ギフト,FALSE,FALSE,FALSE,FALSE,FALSE,TRUE,在庫あり
株式会社モリタ,MK011,自由手帳,5280,TOTTE,小物：豊岡小物,,,アソート,OTHER,天然皮革・本革,,,,-,-,-,-,-,-,-,-,https://shop.artisan-atelier.net/img/toyookakomono.svg,,牛革|豊岡小物,ユニセックス|メンズ|レディース|ビジネス|普段使い|ギフト,FALSE,FALSE,FALSE,FALSE,FALSE,TRUE,在庫あり
株式会社モリタ,MK012,メガネケース,2420,TOTTE,小物：豊岡小物,,,アソート,OTHER,天然皮革・本革,,,,-,-,-,-,-,-,-,-,https://shop.artisan-atelier.net/img/toyookakomono.svg,,牛革|豊岡小物,ユニセックス|メンズ|レディース|普段使い|ギフト,FALSE,FALSE,FALSE,FALSE,FALSE,TRUE,在庫あり
株式会社モリタ,MK013,スマホショルダーポーチ,5500,TOTTE,小物：豊岡小物,,,アソート,OTHER,天然皮革・本革,,,,-,-,-,-,-,-,-,-,https://shop.artisan-atelier.net/img/toyookakomono.svg,,牛革|豊岡小物,ユニセックス|メンズ|レディース|普段使い|ギフト,FALSE,FALSE,FALSE,FALSE,FALSE,TRUE,在庫あり
株式会社モリタ,MK014,キーケース,4400,TOTTE,小物：豊岡小物,,,アソート,OTHER,天然皮革・本革,,,,-,-,-,-,-,-,-,-,https://shop.artisan-atelier.net/img/toyookakomono.svg,,牛革|豊岡小物,ユニセックス|メンズ|レディース|普段使い|ギフト,FALSE,FALSE,FALSE,FALSE,FALSE,TRUE,在庫あり
株式会社モリタ,MK015,メガネケースS),2420,TOTTE,小物：豊岡小物,,,アソート,OTHER,天然皮革・本革,,,,-,-,-,-,-,-,-,-,https://shop.artisan-atelier.net/img/toyookakomono.svg,,牛革|豊岡小物,ユニセックス|メンズ|レディース|普段使い|ギフト,FALSE,FALSE,FALSE,FALSE,FALSE,TRUE,在庫あり
株式会社モリタ,MK017,コインケース スムース,2750,TOTTE,小物：豊岡小物,,,アソート,OTHER,天然皮革・本革,,,,-,-,-,-,-,-,-,-,https://shop.artisan-atelier.net/images/whats_toyookakaban.png,,牛革|豊岡小物,ユニセックス|メンズ|レディース|普段使い|ギフト,FALSE,FALSE,FALSE,FALSE,FALSE,TRUE,在庫あり
株式会社モリタ,MK019,,4950,TOTTE,小物：豊岡小物,,,アソート,OTHER,天然皮革・本革,,,,-,-,-,-,-,-,-,-,https://shop.artisan-atelier.net/images/whats_toyookakaban.png,,牛革|豊岡小物,ユニセックス|メンズ|レディース|ビジネス|普段使い|ギフト,FALSE,FALSE,FALSE,FALSE,FALSE,TRUE,在庫あり
ARTPHERE,BK21-101,Re:Style レザーショルダー,36300,ARTPHERE,鞄：ショルダー,,,ネイビー|ブラック,NAVY|BLACK,天然皮革・本革,W265×H270×D25mm,約430g,スタイルや荷物に合わせて使い分け。手触りソフトな撥水レザーショルダー。,-,-,-,-,-,-,-,-,https://artisan.itembox.cloud/product/012/000000001210/000000001210-01.jpg?size=l&w=ODAw&t=20240117163333,https://shop.artisan-atelier.net/c/bag/toyooka_kaban/BK21-101,牛革|ボトル収納|タブレット収納,メンズ|普段使い|旅行|街歩き,FALSE,FALSE,FALSE,FALSE,FALSE,TRUE,廃番
ARTPHERE,BK21-102,Re:Style レザートート,50600,ARTPHERE,鞄：トート,,,ネイビー|ブラック,NAVY|BLACK,天然皮革・本革,W345×H370×D30mm,約625g,マルチに使える軽やかレザートート。,-,-,-,-,-,-,-,-,https://artisan.itembox.cloud/product/012/000000001212/000000001212-06.jpg?size=l&w=ODAw&t=20240117164329,https://shop.artisan-atelier.net/c/bag/toyooka_kaban/BK21-102,牛革|ボトル収納|タブレット収納|13-14インチPC収納|A4収納,メンズ|普段使い|旅行|街歩き,FALSE,FALSE,FALSE,FALSE,FALSE,TRUE,廃番
ARTPHERE,BK21-103,Re:Style ダレスショルダー,39600,ARTPHERE,鞄：ダレス,,,ネイビー|ブラック,NAVY|BLACK,天然皮革・本革,W270×H200×D90mm,約550g,さりげなく個性的なモダン様式。ソフトな牛革の小さなダレスバッグ。,-,-,-,-,-,-,-,-,https://artisan.itembox.cloud/product/012/000000001211/000000001211-07.jpg?size=l&w=ODAw&t=20240128175111,https://shop.artisan-atelier.net/c/bag/toyooka_kaban/BK21-103,牛革|ボトル収納|タブレット収納,メンズ|普段使い|旅行|街歩き,FALSE,FALSE,FALSE,FALSE,FALSE,TRUE,廃番
ARTPHERE,BK21-104,Re:Style トートボストン,38500,ARTPHERE,鞄：ボストン,,,ネイビー|ブラック,NAVY|BLACK,帆布・織物,W430×H290×D145mm,約845g,アクティブな毎日に寄り添う、軽量＆高収納のトートボストン。,-,-,-,-,-,-,-,-,https://artisan.itembox.cloud/product/012/000000001213/000000001213-07.jpg?size=l&w=ODAw&t=20240117160621,https://shop.artisan-atelier.net/c/bag/toyooka_kaban/BK21-104,牛革|ボトル収納|タブレット収納|13-14インチPC収納|15-16インチPC収納|A4収納,メンズ|普段使い|旅行|街歩き,FALSE,FALSE,FALSE,FALSE,FALSE,TRUE,廃番
ARTPHERE,BK22-101,stitch トートバッグ,71500,ARTPHERE,鞄：トート,,,ネイビー|ワイン,RED|NAVY,天然皮革・本革,W375×H300×D125mm,約1095g,イタリアンレザーを贅沢に使用した、ON/OFF使えるマルチトート。,-,-,-,-,-,-,-,-,https://artisan.itembox.cloud/product/012/000000001214/000000001214-07.jpg?size=l&w=ODAw&t=20240117161451,https://shop.artisan-atelier.net/c/bag/toyooka_kaban/BK22-101,牛革|ボトル収納|タブレット収納|13-14インチPC収納|15-16インチPC収納|A4収納,メンズ|普段使い|旅行|街歩き,FALSE,FALSE,FALSE,FALSE,FALSE,TRUE,廃番
ARTPHERE,BK22-102,stitch ショルダーバッグ,42900,ARTPHERE,鞄：ショルダー,,,ネイビー|ワイン,RED|NAVY,天然皮革・本革,W310×H250×D80mm,約660g,使い込むほど味わい深い革。B5サイズ収納、ファスナー付レザーショルダー。,-,-,-,-,-,-,-,-,https://artisan.itembox.cloud/product/012/000000001215/000000001215-06.jpg?size=l&w=ODAw&t=20240117165334,https://shop.artisan-atelier.net/c/bag/toyooka_kaban/BK22-102,牛革|ボトル収納|タブレット収納,メンズ|普段使い|旅行|街歩き,FALSE,FALSE,FALSE,FALSE,FALSE,TRUE,廃番
ARTPHERE,BK22-103,stitch ボストンバッグ,96800,ARTPHERE,鞄：ボストン,,,ネイビー|ワイン,RED|NAVY,天然皮革・本革,W465×H280×D190mm,約1330g,この個性的な相棒と、知らない世界を旅したい。,-,-,-,-,-,-,-,-,https://artisan.itembox.cloud/product/012/000000001216/000000001216-07.jpg?size=l&w=ODAw&t=20240117170511,https://shop.artisan-atelier.net/c/bag/toyooka_kaban/BK22-103,牛革|ボトル収納|タブレット収納|13-14インチPC収納|15-16インチPC収納|A4収納,メンズ|普段使い|旅行|街歩き,FALSE,FALSE,FALSE,FALSE,FALSE,TRUE,在庫あり
ARTPHERE,BK24-101,Filo バックパック,52800,ARTPHERE,鞄：リュック・デイパック,,,ブラック,BLACK,合成繊維,W310×H410×D150mm,約840g,ソフトでも自立し、背負い心地も快適。PCルームも備えたON/OFF兼用リュック。,-,-,-,-,-,-,-,-,https://artisan.itembox.cloud/product/014/000000001425/000000001425-07.jpg?size=l&w=ODAw&t=20251031153307,https://shop.artisan-atelier.net/c/bag/toyooka_kaban/BK24-101-10,ナイロン|軽量|ボトル収納|タブレット収納|13-14インチPC収納|A4収納,ユニセックス|メンズ|レディース|普段使い|旅行|街歩き,FALSE,FALSE,FALSE,FALSE,FALSE,TRUE,在庫あり
ARTPHERE,BK24-102,Filo トート,52800,ARTPHERE,鞄：トート,,,ブラック,BLACK,合成繊維,W460×H330×D130mm,約790g,A4収納対応でも軽量。スタイルやシーンを問わない万能2WAYトート。,-,-,-,-,-,-,-,-,https://artisan.itembox.cloud/product/014/000000001426/000000001426-08.jpg?size=l&w=ODAw&t=20251031153419,https://shop.artisan-atelier.net/c/bag/toyooka_kaban/BK24-102-10,ナイロン|軽量|ボトル収納|タブレット収納|13-14インチPC収納|A4収納,ユニセックス|メンズ|レディース|普段使い|旅行|街歩き,FALSE,FALSE,FALSE,FALSE,FALSE,TRUE,在庫あり
ARTPHERE,BK24-103,Filo ウエストバッグ,24200,ARTPHERE,鞄：ボディ・ウエスト,,,ブラック,BLACK,合成繊維,W260×H110×D30mm,約210g,自立構造にこだわった、小物携帯に便利なボディバッグ・ウエストバッグ。,-,-,-,-,-,-,-,-,https://artisan.itembox.cloud/product/014/000000001427/000000001427-07.jpg?size=l&w=ODAw&t=20251031153502,https://shop.artisan-atelier.net/c/bag/toyooka_kaban/BK24-103-10,ナイロン|軽量|コンパクト,ユニセックス|メンズ|レディース|普段使い|旅行|街歩き,FALSE,FALSE,FALSE,FALSE,FALSE,TRUE,在庫あり
ARTPHERE,BK24-104,Filo ショルダー,28600,ARTPHERE,鞄：ショルダー,,,ブラック,BLACK,合成繊維,W300×H170×D80mm,約400g,日常使いにちょうどいいサイズ。上品なカジュアル感が魅力のショルダーバッグ。,-,-,-,-,-,-,-,-,https://artisan.itembox.cloud/product/014/000000001428/000000001428-07.jpg?size=l&w=ODAw&t=20251031153547,https://shop.artisan-atelier.net/c/bag/toyooka_kaban/BK24-104-10,ナイロン|軽量|ボトル収納,ユニセックス|メンズ|レディース|普段使い|旅行|街歩き,FALSE,FALSE,FALSE,FALSE,FALSE,TRUE,在庫あり
ARTPHERE,BK24-105,Filo エアポッドケース,7700,ARTPHERE,鞄：その他鞄,,,ブラック,BLACK,合成繊維,W60×H90×D20mm,約60g,圧縮しても元の形状に戻るボンディング生地を採用した「Filo」シリーズの小物アイテム。,-,-,-,-,-,-,-,-,https://artisan.itembox.cloud/product/014/000000001429/000000001429-06.jpg?size=l&w=ODAw&t=20251031171017,https://shop.artisan-atelier.net/c/bag/toyooka_kaban/BK24-105-10,ナイロン|軽量,ユニセックス|メンズ|レディース|普段使い|旅行|街歩き,FALSE,FALSE,FALSE,FALSE,FALSE,TRUE,在庫あり
ARTPHERE,BK24-106,Filo スマホショルダー,15400,ARTPHERE,鞄：ミニショルダー・ポーチ,,,ブラック,BLACK,合成繊維,,,,-,-,-,-,-,-,-,-,,,ナイロン|軽量,ユニセックス|メンズ|レディース|普段使い|旅行|街歩き,FALSE,FALSE,FALSE,FALSE,FALSE,TRUE,取寄せ
ARTPHERE,BK27-103,Lagoon ショルダー,71500,ARTPHERE,鞄：ショルダー,,,グレージュ|ブラック,GRAY|BLACK|BEIGE,天然皮革・本革,,,,-,-,-,-,-,-,-,-,https://shop.artisan-atelier.net/images/whats_toyookakaban.png,,牛革|ボトル収納|タブレット収納,レディース|普段使い|旅行|街歩き,FALSE,FALSE,FALSE,FALSE,FALSE,TRUE,在庫あり
ARTPHERE,DS0-TT,NewDulles タッチタフ mini,35200,ARTPHERE,鞄：ダレス,,,グリーン|ネイビー|ブラック,GREEN|NAVY|BLACK,人工・合成皮革,,,,-,-,-,-,-,-,-,-,https://shop.artisan-atelier.net/images/whats_toyookakaban.png,,合成皮革|ボトル収納|タブレット収納,ユニセックス|メンズ|レディース|普段使い|旅行|街歩き,FALSE,TRUE,FALSE,FALSE,FALSE,TRUE,取寄せ
ARTPHERE,DS2-TT,NewDulles タッチタフ F2,47300,ARTPHERE,鞄：ダレス,,,グリーン|ネイビー|ブラック,GREEN|NAVY|BLACK,人工・合成皮革,W380×H270×D100mm,約1200g,タフ＆ライトに生まれ変わった三代目「New Dulles TOUCH」。,-,-,-,-,-,-,-,-,https://artisan.itembox.cloud/product/015/000000001534/000000001534-09.jpg?size=l&w=ODAw&t=20260720180339,https://shop.artisan-atelier.net/c/bag/toyooka_kaban/DS2-TT,合成皮革|ボトル収納|タブレット収納,ユニセックス|メンズ|レディース|普段使い|旅行|街歩き,FALSE,TRUE,FALSE,FALSE,FALSE,TRUE,在庫あり
ARTPHERE,DS4-TT,NewDulles タッチタフ F4,49500,ARTPHERE,鞄：ダレス,,,グリーン|ネイビー|ブラック,GREEN|NAVY|BLACK,人工・合成皮革,W340×H380×D95mm,約1350g,タフ＆ライトに生まれ変わった三代目「New Dulles TOUCH」。,-,-,-,-,-,-,-,-,https://artisan.itembox.cloud/product/015/000000001540/000000001540-03.jpg?size=l&w=ODAw&t=20260728165317,https://shop.artisan-atelier.net/c/bag/toyooka_kaban/DS4-TT,合成皮革|ボトル収納|タブレット収納|,ユニセックス|メンズ|レディース|普段使い|旅行|街歩き,FALSE,TRUE,FALSE,FALSE,FALSE,TRUE,取寄せ
ARTPHERE,DS6-LA,NewDulles イタリアンレザー F6レザー,69300,ARTPHERE,鞄：ダレス,,,ブラック|ブルー|ワイン,RED|BLUE|BLACK,天然皮革・本革,W290×H420×D145mm,約1490g,伝統と革新の融合「ニューダレス」。パンチングレザー使用のA4 対応。,-,-,-,-,-,-,-,-,https://artisan.itembox.cloud/product/015/000000001537/000000001537-09.jpg?size=l&w=ODAw&t=20260718223230,https://shop.artisan-atelier.net/c/bag/toyooka_kaban/DS6-LA,牛革|ボトル収納|タブレット収納|13-14インチPC収納|15-16インチPC収納|A4収納,ユニセックス|メンズ|レディース|普段使い|旅行|街歩き,FALSE,TRUE,FALSE,TRUE,FALSE,TRUE,在庫あり
ARTPHERE,DS6-TT,NewDulles タッチタフ F6 2層,57200,ARTPHERE,鞄：ダレス,,,グリーン|ネイビー|ブラック,GREEN|NAVY|BLACK,人工・合成皮革,,,,-,-,-,-,-,-,-,-,https://shop.artisan-atelier.net/images/whats_toyookakaban.png,,合成皮革|ボトル収納|タブレット収納|13-14インチPC収納|15-16インチPC収納|A4収納,ユニセックス|メンズ|レディース|普段使い|旅行|街歩き,FALSE,FALSE,FALSE,FALSE,FALSE,TRUE,在庫あり
ARTPHERE,FW07-101,Square Ⅱ ダレスリュック,49500,ARTPHERE,鞄：リュック・デイパック,,,ブラック,BLACK,合成繊維,,,,-,-,-,-,-,-,-,-,https://shop.artisan-atelier.net/images/whats_toyookakaban.png,,ナイロン|軽量|ボトル収納|タブレット収納|13-14インチPC収納|A4収納,ユニセックス|メンズ|レディース|普段使い|旅行|街歩き,FALSE,TRUE,FALSE,FALSE,FALSE,TRUE,在庫あり
ARTPHERE,FW07-102,Square Ⅱ トートL,38500,ARTPHERE,鞄：トート,,,ブラック,BLACK,合成繊維,,,,-,-,-,-,-,-,-,-,https://shop.artisan-atelier.net/images/whats_toyookakaban.png,,ナイロン|軽量|ボトル収納|タブレット収納|13-14インチPC収納|A4収納,ユニセックス|メンズ|レディース|普段使い|旅行|街歩き,FALSE,TRUE,FALSE,FALSE,FALSE,TRUE,在庫あり
ARTPHERE,FW07-103,Square Ⅱ トートS,24200,ARTPHERE,鞄：トート,,,カーキ|グレー|ネイビー|ブラック,GREEN|NAVY|GRAY|BLACK,合成繊維,W300×H210×D120mm,約430g,色々なシーンで毎日気兼ねなく使える丈夫なミニトート。,-,-,-,-,-,-,-,-,https://artisan.itembox.cloud/product/015/000000001567/000000001567-08.jpg?size=l&w=ODAw&t=20260904172316,https://shop.artisan-atelier.net/c/bag/toyooka_kaban/FW07-103,ナイロン|軽量|ボトル収納,ユニセックス|メンズ|レディース|普段使い|旅行|街歩き,FALSE,TRUE,FALSE,FALSE,FALSE,TRUE,在庫あり
ARTPHERE,FW07-104,Square Ⅱ クロスボディ,17600,ARTPHERE,鞄：ボディ・ウエスト,,,カーキ|グレー|ネイビー|ブラック,GREEN|NAVY|GRAY|BLACK,合成繊維,W240×H200×D40mm,約250g,シンプルでスマート、軽くて使いやすい。活躍シーンが豊富なボディバッグ。,-,-,-,-,-,-,-,-,https://artisan.itembox.cloud/product/015/000000001564/000000001564-09.jpg?size=l&w=ODAw&t=20260904172212,https://shop.artisan-atelier.net/c/bag/toyooka_kaban/FW07-104,ナイロン|軽量|ボトル収納,ユニセックス|メンズ|レディース|普段使い|旅行|街歩き,FALSE,TRUE,FALSE,FALSE,FALSE,TRUE,在庫あり
ARTPHERE,FW08-101,Cavallo Ⅲ ダレスリュック,93500,ARTPHERE,鞄：ダレス,,,トープ|ブラウン|ブラック,BLACK|BROWN|BEIGE,天然皮革・本革,,,,-,-,-,-,-,-,-,-,https://shop.artisan-atelier.net/images/whats_toyookakaban.png,,牛革|ボトル収納|タブレット収納|13-14インチPC収納|A4収納,ユニセックス|メンズ|レディース|普段使い|旅行|街歩き,FALSE,TRUE,FALSE,FALSE,FALSE,TRUE,在庫あり
ARTPHERE,FW08-102,Cavallo Ⅲ ダレスショルダー,66000,ARTPHERE,鞄：ダレス,,,トープ|ブラウン|ブラック,BLACK|BROWN|BEIGE,天然皮革・本革,,,,-,-,-,-,-,-,-,-,https://shop.artisan-atelier.net/images/whats_toyookakaban.png,,牛革|ボトル収納|タブレット収納,ユニセックス|メンズ|レディース|普段使い|旅行|街歩き,FALSE,TRUE,FALSE,FALSE,FALSE,TRUE,在庫あり
ARTPHERE,FW08-103,Cavallo Ⅲ ダレスポーチ,44000,ARTPHERE,鞄：ダレス,,,トープ|ブラウン|ブラック,BLACK|BROWN|BEIGE,天然皮革・本革,,,,-,-,-,-,-,-,-,-,https://shop.artisan-atelier.net/images/whats_toyookakaban.png,,牛革|ボトル収納,ユニセックス|メンズ|レディース|普段使い|旅行|街歩き,FALSE,TRUE,FALSE,FALSE,FALSE,TRUE,在庫あり
ARTPHERE,SR25-101,スクールリュック UMI,52800,ARTPHERE,鞄：ランドセル,,,スカイ|ピンク|ブラック|ブルー|ラベンダー|レッド,PURPLE|RED|BLUE|BLACK,合成繊維,W270×H370×D160mm,約1230g,たっぷり入れても軽く持てる工夫。リュックのように機能的で、環境も考えた進化し続ける通学鞄。,-,-,-,-,-,-,-,-,https://artisan.itembox.cloud/product/012/000000001255/000000001255-01.jpg?size=l&w=ODAw&t=20240321134149,https://shop.artisan-atelier.net/c/bag/toyooka_kaban/SR25-101,漁網ナイロン|軽量|ボトル収納|タブレット収納,ユニセックス|メンズ|レディース|,FALSE,FALSE,FALSE,FALSE,FALSE,TRUE,取寄せ
Atelier nuu,NU04-116,loop ミニボストン,31900,Atelier nuu,鞄：ボストン,,,アイボリー|グレージュ|スカイブルー|ネイビー|ピンクベージュ|ブラック,PINK|NAVY|BLUE|GRAY|WHITE|BLACK|BEIGE,天然皮革・本革,W280×H155×D120mm,約480g,大きなタッセルと、取っ手の結びデザインがポイント。ふんわり軽やかミニボストン。,-,-,-,-,-,-,-,-,https://artisan.itembox.cloud/product/007/000000000758/000000000758-10.jpg?size=l&w=ODAw&t=20240803144911,https://shop.artisan-atelier.net/c/bag/toyooka_kaban/NU04-116,牛革|ボトル収納,レディース|普段使い|旅行|街歩き,FALSE,FALSE,FALSE,FALSE,FALSE,TRUE,廃番
Atelier nuu,NU63-101-1,parcel mist ミニダレス-Artisan Original-,34100,Atelier nuu,鞄：ダレス,,Artisanオリジナルカラー,イエロー|グリーン|ブルー|レッド,YELLOW|RED|GREEN|BLUE,天然皮革・本革,W270×H170×D130mm,約560g,こだわりのArtisanオリジナルカラーを。Atelier nuuのロングセラー「ミニダレス」。,-,-,-,-,-,-,-,-,https://artisan.itembox.cloud/product/010/000000001083/000000001083-10.jpg?size=l&w=ODAw&t=20221208201909,https://shop.artisan-atelier.net/c/bag/toyooka_kaban/NU63-101-1,牛革|ボトル収納|Artisan限定,レディース|普段使い|旅行|街歩き,FALSE,FALSE,FALSE,FALSE,FALSE,TRUE,廃番
Atelier nuu,NU63-103-1,parcel mist ダレスポシェット-Artisan Original,24200,Atelier nuu,鞄：ダレス,,Artisanオリジナルカラー,イエロー|グリーン|ブルー|レッド,YELLOW|RED|GREEN|BLUE,天然皮革・本革,W160×H180×D70mm,約245g,Artisanが提案するオリジナルカラー。可愛いポシェット型ダレスバッグ。,-,-,-,-,-,-,-,-,https://artisan.itembox.cloud/product/010/000000001084/000000001084-15.jpg?size=l&w=ODAw&t=20231020083945,https://shop.artisan-atelier.net/c/bag/toyooka_kaban/NU63-103-1,牛革|Artisan限定,レディース|普段使い|旅行|街歩き,FALSE,FALSE,FALSE,FALSE,FALSE,TRUE,廃番
Atelier nuu,NU64-101,lim スマートロングウォレット,15400,Atelier nuu,財布：長財布,,,アイボリー|イエロー|キャメル|グリーン|グレージュ|ピンク|ブラック|ブルー|ラベンダー,PURPLE|YELLOW|GREEN|BLUE|GRAY|WHITE|BLACK|BROWN|BEIGE,天然皮革・本革,W195×H95×D5mm,約104g,驚きの厚さ5ミリ。無駄のないスリム長財布。,-,-,-,-,-,-,-,-,https://artisan.itembox.cloud/product/008/000000000824/000000000824-06.jpg?size=l&w=ODAw&t=20210805181532,https://shop.artisan-atelier.net/c/goods/toyookawallet/NU64-101,牛革,レディース|普段使い|ギフト,FALSE,FALSE,FALSE,FALSE,FALSE,TRUE,在庫あり
Atelier nuu,NU64-102,lim ミニウォレット,11000,Atelier nuu,財布：コンパクト財布,,,アイボリー|イエロー|キャメル|グリーン|グレージュ|ピンク|ブラック|ブルー|ラベンダー,PURPLE|YELLOW|GREEN|BLUE|GRAY|WHITE|BLACK|BROWN|BEIGE,天然皮革・本革,W120×H90×D15mm,約63g,スリムなのにお札、小銭、カードを収納できる。セカンドウォレットとして大活躍。,-,-,-,-,-,-,-,-,https://artisan.itembox.cloud/product/008/000000000825/000000000825-12.jpg?size=l&w=ODAw&t=20221130133605,https://shop.artisan-atelier.net/c/goods/toyookawallet/NU64-102,牛革,レディース|普段使い|ギフト,FALSE,FALSE,FALSE,FALSE,FALSE,TRUE,在庫あり
Atelier nuu,NU70-102,noble 二つ折りウォレット,26400,Atelier nuu,財布：コンパクト財布,,,アイスグレー×キャメル|イエロー×トープ|キャメル×ブルー|グレージュ×イエロー|グレージュ×ピンク|トープ×ブルー|ネイビー×オレンジ|ブルー×トープ|ブルー×アイスグレー|ペールグリーン×ピスタチオ|ライム,PINK|ORANGE|YELLOW|GREEN|NAVY|BLUE|GRAY|BROWN|BEIGE,天然皮革・本革,W105×H85×D20mm,約75g,シックな型押しレザーをバイカラーでたのしむ。コンパクトな2つ折り財布。,-,-,-,-,-,-,-,-,https://artisan.itembox.cloud/product/009/000000000921/000000000921-14.jpg?size=l&w=ODAw&t=20221130144259,https://shop.artisan-atelier.net/c/goods/toyookawallet/NU70-102,牛革,レディース|普段使い|ギフト,FALSE,FALSE,FALSE,FALSE,FALSE,TRUE,在庫あり
Atelier nuu,NU70-104,noble スマートロングウォレット,23100,Atelier nuu,財布：長財布,,,アイスグレー×キャメル|イエロー×トープ|グレージュ×イエロー|グレージュ×ピンク|トープ×ブルー|ネイビー×オレンジ,PINK|ORANGE|YELLOW|NAVY|BLUE|GRAY|BROWN|BEIGE,天然皮革・本革,W195×H95×D10mm,約90g,薄くて嵩張らない、バイカラーが映えるミニマルなロングウォレット。,-,-,-,-,-,-,-,-,https://artisan.itembox.cloud/product/014/000000001418/000000001418-06.jpg?size=l&w=ODAw&t=20251008102824,https://shop.artisan-atelier.net/c/goods/toyookawallet/NU70-104,牛革,レディース|普段使い|ギフト,FALSE,FALSE,FALSE,FALSE,FALSE,TRUE,取寄せ
Atelier nuu,NU70-105,noble L字ファスナー二つ折りウォレット,29700,Atelier nuu,財布：長財布,,,アイスグレー×キャメル|イエロー×トープ|グレージュ×イエロー|グレージュ×ピンク|トープ×ブルー|ネイビー×オレンジ,PINK|ORANGE|YELLOW|NAVY|BLUE|GRAY|BROWN|BEIGE,天然皮革・本革,W109×H90×D25mm,約110g,上品な型押しレザーに映えるバイカラーデザイン。コンパクトながら、美しく使える二つ折り財布。,-,-,-,-,-,-,-,-,https://artisan.itembox.cloud/product/015/000000001520/000000001520-15.jpg?size=l&w=ODAw&t=20260501150716,https://shop.artisan-atelier.net/c/goods/toyookawallet/NU70-105,牛革,レディース|普段使い|ギフト,FALSE,FALSE,FALSE,FALSE,FALSE,TRUE,在庫あり
Atelier nuu,NU83-101,Lift トート ラージ,27500,Atelier nuu,鞄：トート,,,オールドブルー|グレージュ|スレートグレー|ダークネイビー,NAVY|BLUE|GRAY|BEIGE,帆布・織物,,,,-,-,-,-,-,-,-,-,https://shop.artisan-atelier.net/images/whats_toyookakaban.png,,帆布|軽量|ボトル収納|タブレット収納|13-14インチPC収納|15-16インチPC収納|A4収納,ユニセックス|メンズ|レディース|普段使い|旅行|街歩き,FALSE,TRUE,FALSE,FALSE,TRUE,TRUE,在庫あり
Atelier nuu,NU83-102,Lift トート ミディアム,22000,Atelier nuu,鞄：トート,,,オールドブルー|キャロット|グレージュ|ダークネイビー|レッド,RED|NAVY|BLUE|GRAY|BEIGE,帆布・織物,,,,-,-,-,-,-,-,-,-,https://shop.artisan-atelier.net/images/whats_toyookakaban.png,,帆布|軽量|ボトル収納|タブレット収納,ユニセックス|メンズ|レディース|普段使い|旅行|街歩き,FALSE,TRUE,FALSE,FALSE,TRUE,TRUE,在庫あり
Atelier nuu,NU83-103,Lift トート スモール,17600,Atelier nuu,鞄：トート,,,オールドブルー|キャロット|グレージュ|ダークネイビー|レッド,RED|NAVY|BLUE|GRAY|BEIGE,帆布・織物,,,,-,-,-,-,-,-,-,-,https://shop.artisan-atelier.net/images/whats_toyookakaban.png,,帆布|軽量|ボトル収納,ユニセックス|メンズ|レディース|普段使い|旅行|街歩き,FALSE,TRUE,FALSE,FALSE,TRUE,TRUE,在庫あり
コニー株式会社,CACA-001-99,インナーボックス,4400,,鞄：その他鞄,,,迷彩,OTHER,合成繊維,,,,-,-,-,-,-,-,-,-,https://shop.artisan-atelier.net/images/whats_toyookakaban.png,,ナイロン,ユニセックスメンズ|レディース|,FALSE,FALSE,FALSE,FALSE,FALSE,TRUE,取寄せ
コニー株式会社,CCNF-003,CICOGNA FOR the Blue TOTE BAG,8800,,鞄：トート,,for the Blue,オーシャンブルー|ディープブルー,BLUE,合成繊維,W325×H415×D100mm,約220g,エコバッグとしても活躍、海洋環境を守るリサイクルナイロントート。,-,-,-,-,-,-,-,-,https://artisan.itembox.cloud/product/008/000000000866/000000000866-07.jpg?size=l&w=ODAw&t=20220523161843,https://shop.artisan-atelier.net/c/bag/toyooka_kaban/CCNF-003,漁網ナイロン|軽量|ボトル収納|タブレット収納|コンパクト,ユニセックス|メンズ|レディース|普段使い,FALSE,FALSE,FALSE,FALSE,FALSE,TRUE,在庫あり
コニー株式会社,CCNF-004,CICOGNA FOR the Blue MINI TOTE BAG,7480,,鞄：トート,,for the Blue,オーシャンブルー|ディープブルー,BLUE,合成繊維,W220×H235×D150mm,約155g,豊岡の空を羽ばたくコウノトリをデザイン。美しい海の環境も守るミニトート。,-,-,-,-,-,-,-,-,https://artisan.itembox.cloud/product/008/000000000867/000000000867-07.jpg?size=l&w=ODAw&t=20220523162113,https://shop.artisan-atelier.net/c/bag/toyooka_kaban/CCNF-004,漁網ナイロン|軽量|ボトル収納|タブレット収納,ユニセックス|メンズ|レディース|普段使い,FALSE,FALSE,FALSE,FALSE,FALSE,TRUE,在庫あり
コニー株式会社,CCSK-001,CREEZAN CRUISER LARGE TOTE,85800,CREEZAN,鞄：トート,,,ホワイト,WHITE,コンビネーション,W490×H360×D160mm,約1250g,異素材コラボが生む軽やかな上質感が漂うラージトート。,-,-,-,-,-,-,-,-,https://artisan.itembox.cloud/product/015/000000001526/000000001526-06.jpg?size=l&w=ODAw&t=20260610113721,https://shop.artisan-atelier.net/c/bag/toyooka_kaban/CCSK-001,帆布|牛革|ボトル収納|タブレット収納|13-14インチPC収納|15-16インチPC収納|A4収納|B4収納,ユニセックス|メンズ|レディース|普段使い,FALSE,TRUE,FALSE,FALSE,FALSE,TRUE,在庫あり
コニー株式会社,CCSK-002,CREEZAN CRUISER SACOCHE,29700,CREEZAN,鞄：ミニショルダー・ポーチ,,,ホワイト,WHITE,コンビネーション,W250×H185×D15mm,約290g,日常にさりげない上品さを添える軽やか大人サコッシュ。,-,-,-,-,-,-,-,-,https://artisan.itembox.cloud/product/015/000000001527/000000001527-06.jpg?size=l&w=ODAw&t=20260610113605,https://shop.artisan-atelier.net/c/bag/toyooka_kaban/CCSK-002,帆布|牛革,ユニセックス|メンズ|レディース|普段使い,FALSE,TRUE,FALSE,FALSE,FALSE,TRUE,在庫あり
コニー株式会社,CCSK-003,CREEZAN CRUISER DAYPACK,66000,CREEZAN,鞄：リュック・デイパック,,,ホワイト,WHITE,コンビネーション,W300×H440×D160mm,約1090g,異素材コラボが生む軽やかな上質感が漂うラージサイズリュック。,-,-,-,-,-,-,-,-,https://artisan.itembox.cloud/product/015/000000001528/000000001528-06.jpg?size=l&w=ODAw&t=20260610115409,https://shop.artisan-atelier.net/c/bag/toyooka_kaban/CCSK-003,帆布|牛革|ボトル収納|タブレット収納|13-14インチPC収納|A4収納,ユニセックス|メンズ|レディース|普段使い,FALSE,TRUE,FALSE,FALSE,FALSE,TRUE,在庫あり
コニー株式会社,CDTC-004,DAY TRIPPER RUCK,37400,CREEZAN,鞄：リュック・デイパック,,,ネイビー|ブラック,NAVY|BLACK,合成繊維,W310×H430×D130mm,約615g,意外と軽量＆たっぷり収納+外装ポケットが使いやすい。カジュアルを愉しむ上質大人リュック。,-,-,-,-,-,-,-,-,https://artisan.itembox.cloud/product/006/000000000629/000000000629-07.jpg?size=l&w=ODAw&t=20200803111920,https://shop.artisan-atelier.net/c/bag/toyooka_kaban/CDTC-004,ナイロン|軽量|ボトル収納|タブレット収納|13-14インチPC収納|A4収納,ユニセックス|メンズ|レディース|普段使い|ビジネス,FALSE,FALSE,FALSE,FALSE,FALSE,TRUE,在庫あり
コニー株式会社,CDTD-007,DAY TRIPPER BUSINESS RUCK,40700,CREEZAN,鞄：リュック・デイパック,,,ネイビー|ブラック,NAVY|BLACK,合成繊維,W300×H420×D120mm,約800g,機能+個性を備えた2WAY BAG。上質ナイロン「DAVIS」+シックなレザーで、味のあるテイスト。,-,-,-,-,-,-,-,-,https://artisan.itembox.cloud/product/007/000000000728/000000000728-06.jpg?size=l&w=ODAw&t=20201119162923,https://shop.artisan-atelier.net/c/bag/toyooka_kaban/CDTD-007,ナイロン|軽量|ボトル収納|タブレット収納|13-14インチPC収納|15-16インチPC収納|A4収納|B4収納,ユニセックス|メンズ|レディース|普段使い|ビジネス,FALSE,FALSE,FALSE,FALSE,FALSE,TRUE,在庫あり
コニー株式会社,CDTF008,DAY TRIPPER PLUS TOTE BAG,46200,CREEZAN,鞄：トート,,,ブラウン|ブラック,BLACK|BROWN,天然皮革・本革,W365×H340×D85mm,約1000g,スーツはもちろん、普段使いでも様になる。いろんなシーンで活躍する、こだわりレザーの万能トート。,-,-,-,-,-,-,-,-,https://artisan.itembox.cloud/product/008/000000000848/000000000848-07.jpg?size=l&w=ODAw&t=20210927102236,https://shop.artisan-atelier.net/c/bag/toyooka_kaban/CDTF-008,牛革|ボトル収納|タブレット収納|13-14インチPC収納|A4収納,メンズ|普段使い|ビジネス,FALSE,FALSE,FALSE,FALSE,FALSE,TRUE,在庫あり
コニー株式会社,CDTF009,DAY TRIPPER PLUS BODY BAG,23100,CREEZAN,鞄：ボディ・ウエスト,,,ブラウン|ブラック,BLACK|BROWN,天然皮革・本革,W130×H220×D50mm,約360g,スマホ・長財布をコンパクトに収納。こだわりレザーのボディバッグ。,-,-,-,-,-,-,-,-,https://artisan.itembox.cloud/product/008/000000000849/000000000849-06.jpg?size=l&w=ODAw&t=20210927103648,https://shop.artisan-atelier.net/c/bag/toyooka_kaban/CDTF-009,牛革,メンズ|普段使い|旅行|街歩き,TRUE,FALSE,TRUE,TRUE,FALSE,TRUE,在庫あり
コニー株式会社,CDTF010,DAY TRIPPER PLUS SACOCHE,23100,CREEZAN,鞄：ミニショルダー・ポーチ,,,ブラウン|ブラック,BLACK|BROWN,天然皮革・本革,W300×H275mm,約500g,ビジネスシーンも想定した、タブレット収納サイズ。こだわりレザーのサコッシュ。,-,-,-,-,-,-,-,-,https://artisan.itembox.cloud/product/008/000000000850/000000000850-07.jpg?size=l&w=ODAw&t=20210927105022,https://shop.artisan-atelier.net/c/bag/toyooka_kaban/CDTF-010,牛革|ボトル収納|タブレット収納,メンズ|普段使い|旅行|街歩き,FALSE,FALSE,FALSE,TRUE,FALSE,TRUE,在庫あり
コニー株式会社,CDTF011,DAY TRIPPER PLUS BRIEFCASE,39600,CREEZAN,鞄：ビジネス・フォーマル,,,ブラウン|ブラック,BLACK|BROWN,天然皮革・本革,W400×H310×D80mm,約970g,スマートな形状ながら、しっかり収納。ヌメ革にゴート型押しを施した、洗練されたビジネスバッグ。,-,-,-,-,-,-,-,-,https://artisan.itembox.cloud/product/008/000000000851/000000000851-06.jpg?size=l&w=ODAw&t=20210927110723,https://shop.artisan-atelier.net/c/bag/toyooka_kaban/CDTF-011,牛革|ボトル収納|タブレット収納|13-14インチPC収納|15-16インチPC収納|A4収納|B4収納,メンズ|普段使い|ビジネス|旅行|街歩き,FALSE,FALSE,FALSE,FALSE,FALSE,TRUE,在庫あり
コニー株式会社,CDTF012,DAY TRIPPER PLUS BUSINESS RUCK,46200,CREEZAN,鞄：リュック・デイパック,,,ブラウン|ブラック,BLACK|BROWN,天然皮革・本革,W300×H420×D120mm,約1200g,深みのある色の革に、輝くシルバーのファスナー。上品なフォルムの2WAYビジネスリュック。,-,-,-,-,-,-,-,-,https://artisan.itembox.cloud/product/008/000000000852/000000000852-07.jpg?size=l&w=ODAw&t=20210927111940,https://shop.artisan-atelier.net/c/bag/toyooka_kaban/CDTF-012,牛革|ボトル収納|タブレット収納|13-14インチPC収納|15-16インチPC収納|A4収納|B4収納,メンズ|普段使い|ビジネス|旅行|街歩き,FALSE,FALSE,FALSE,FALSE,FALSE,TRUE,在庫あり
コニー株式会社,CDTH-013,DAYTRIPPER ALPHA BODY BAG,24200,CREEZAN,鞄：ボディ・ウエスト,,,ブラウン|ブラック,BLACK|BROWN,人工・合成皮革,W170×H310×D50mm,約560g,スマートでもしっかり収納。アンティーク調の生地にメタルパーツが映える。,-,-,-,-,-,-,-,-,https://artisan.itembox.cloud/product/014/000000001441/000000001441-07.jpg?size=l&w=ODAw&t=20251226181456,https://shop.artisan-atelier.net/c/bag/toyooka_kaban/CDTH-013,合成皮革|ボトル収納,メンズ|普段使い|旅行|街歩き,FALSE,FALSE,FALSE,FALSE,FALSE,TRUE,在庫あり
コニー株式会社,CDTH-014,DAYTRIPPER ALPHA SHOULDER BAG,27500,CREEZAN,鞄：ショルダー,,,ブラウン|ブラック,BLACK|BROWN,人工・合成皮革,W300×H210×D65mm,約700g,収納が分かれて充実。アンティーク調のこだわり合成皮革が魅力的なクラシカルショルダー。,-,-,-,-,-,-,-,-,https://artisan.itembox.cloud/product/012/000000001259/000000001259-06.jpg?size=l&w=ODAw&t=20240508153542,https://shop.artisan-atelier.net/c/bag/toyooka_kaban/CDTH-014,合成皮革|ボトル収納|タブレット収納,メンズ|普段使い|旅行|街歩き,FALSE,FALSE,FALSE,FALSE,FALSE,TRUE,在庫あり
コニー株式会社,CDTH-015,DAYTRIPPER ALPHA RUCK,28600,CREEZAN,鞄：リュック・デイパック,,,ブラウン|ブラック,BLACK|BROWN,人工・合成皮革,W265×H340×D75mm,約810g,上品で味わい深い生地の風合い。収納が分かれて整理しやすい工夫が嬉しい。,-,-,-,-,-,-,-,-,https://artisan.itembox.cloud/product/014/000000001442/000000001442-07.jpg?size=l&w=ODAw&t=20251226182324,https://shop.artisan-atelier.net/c/bag/toyooka_kaban/CDTH-015,合成皮革|ボトル収納|タブレット収納|13-14インチPC収納|A4収納,メンズ|普段使い|ビジネス|旅行|街歩き,FALSE,FALSE,FALSE,FALSE,FALSE,TRUE,在庫あり
コニー株式会社,CDTH-016,DAYTRIPPER ALPHA BRIEFCASE,37400,CREEZAN,鞄：ビジネス・フォーマル,,,ブラウン|ブラック,BLACK|BROWN,人工・合成皮革,W400×H275×D45mm,約1060g,多様なビジネスシーンに合皮＋革で軽やかな大人アクセント。,-,-,-,-,-,-,-,-,https://artisan.itembox.cloud/product/012/000000001260/000000001260-01.jpg?size=l&w=ODAw&t=20240508153216,https://shop.artisan-atelier.net/c/bag/toyooka_kaban/CDTH-016,合成皮革|ボトル収納|タブレット収納|13-14インチPC収納|15-16インチPC収納|A4収納,メンズ|ビジネス,FALSE,FALSE,FALSE,FALSE,FALSE,TRUE,在庫あり
コニー株式会社,CITE004,itten-itten ラウンドウォレット,17600,itten-itten,財布：長財布,,,イエロー|ウォームベージュ|オーク|サックス|チャコールグレー|テラコッタ|ピスタチオ|ピンク|ブルー|ペールグリーン,PINK|YELLOW|RED|GREEN|BLUE|GRAY|BROWN|BEIGE,天然皮革・本革,W220×H105×D20mm,約195g,まあるいフォルムが特徴。デザインも使いやすさも優れた、レザー長財布。,-,-,-,-,-,-,-,-,https://artisan.itembox.cloud/product/011/000000001150/000000001150-09.jpg?size=l&w=ODAw&t=20230308095910,https://shop.artisan-atelier.net/c/goods/toyookawallet/CITE-004,牛革,レディース|普段使い|ギフト,FALSE,FALSE,FALSE,FALSE,FALSE,TRUE,在庫あり
コニー株式会社,CITE006,itten-itten ラウンドミニウォレット,15400,itten-itten,財布：コンパクト財布,,,イエロー|ウォームベージュ|オーク|サックス|チャコールグレー|テラコッタ|ピスタチオ|ピンク|ブルー|ペールグリーン,PINK|YELLOW|RED|GREEN|BLUE|GRAY|BROWN|BEIGE,天然皮革・本革,W120×H115×D20mm,約120g,コンパクトでもしっかり収納。手に収まるミニサイズのお財布。,-,-,-,-,-,-,-,-,https://artisan.itembox.cloud/product/011/000000001151/000000001151-15.jpg?size=l&w=ODAw&t=20230413111708,https://shop.artisan-atelier.net/c/goods/toyookawallet/CITE-006,牛革,レディース|普段使い|ギフト,FALSE,FALSE,FALSE,FALSE,FALSE,TRUE,在庫あり
コニー株式会社,CITE014,itten-itten ミディアムウォレット,16500,itten-itten,財布：コンパクト財布,,,イエロー|ウォームベージュ|オーク|サックス|チャコールグレー|テラコッタ|ピスタチオ|ピンク|ブルー|ペールグリーン,PINK|YELLOW|RED|GREEN|BLUE|GRAY|BROWN|BEIGE,天然皮革・本革,W165×H105×D20mm,約140g,カードも現金もしっかり収納。ミニバッグに収まるミディアムサイズのお財布。,-,-,-,-,-,-,-,-,https://artisan.itembox.cloud/product/011/000000001155/000000001155-14.jpg?size=l&w=ODAw&t=20230413105849,https://shop.artisan-atelier.net/c/goods/toyookawallet/CITE-014,牛革,レディース|普段使い|ギフト,FALSE,FALSE,FALSE,FALSE,FALSE,TRUE,在庫あり
コニー株式会社,CITF016,itten-itten レザーミニショルダー,18700,itten-itten,鞄：ショルダー,,,イエロー|ウォームベージュ|オーク|サックス|チャコールグレー|テラコッタ|ピスタチオ|ピンク|ブルー|ペールグリーン,PINK|YELLOW|RED|GREEN|BLUE|GRAY|BROWN|BEIGE,天然皮革・本革,W200×H135×D60mm,約390g,可愛いフォルムにひとめぼれ。好きなカラーで気分も上がるレザーショルダー。,-,-,-,-,-,-,-,-,https://artisan.itembox.cloud/product/011/000000001154/000000001154-09.jpg?size=l&w=ODAw&t=20230322154308,https://shop.artisan-atelier.net/c/bag/toyooka_kaban/CITF-016,牛革|コンパクト,レディース|普段使い|ギフト|旅行|街歩き,FALSE,FALSE,FALSE,FALSE,TRUE,TRUE,在庫あり
コニー株式会社,CITG017,itten-itten カードウォレット,11000,itten-itten,財布：コンパクト財布,,,イエロー|ウォームベージュ|オーク|サックス|チャコールグレー|テラコッタ|ピスタチオ|ピンク|ブルー|ペールグリーン,PINK|YELLOW|RED|GREEN|BLUE|GRAY|BROWN|BEIGE,天然皮革・本革,W130×H80×D8mm,約45g,必要なカードと小銭だけ。サブ財布としても存在感あるカードウォレット。,-,-,-,-,-,-,-,-,https://artisan.itembox.cloud/product/011/000000001132/000000001132-01.jpg?size=l&w=ODAw&t=20230201145828,https://shop.artisan-atelier.net/c/goods/toyookawallet/CITG-017,牛革,レディース|普段使い|ギフト,FALSE,FALSE,FALSE,FALSE,FALSE,TRUE,在庫あり
コニー株式会社,CITG018,itten-itten コインケース,8800,itten-itten,小物：コインケース,,,イエロー|ウォームベージュ|オーク|サックス|チャコールグレー|テラコッタ|ピスタチオ|ピンク|ブルー|ペールグリーン,PINK|YELLOW|RED|GREEN|BLUE|GRAY|BROWN|BEIGE,天然皮革・本革,W60×H75×D20mm,約35g,バッグや洋服のポケットにちょこっと忍ばせる、とっても小さなコインケース。,-,-,-,-,-,-,-,-,https://artisan.itembox.cloud/product/011/000000001133/000000001133-06.jpg?size=l&w=ODAw&t=20230201151742,https://shop.artisan-atelier.net/c/goods/toyookawallet/CITG-018,牛革,レディース|普段使い|ギフト,FALSE,FALSE,FALSE,FALSE,FALSE,TRUE,在庫あり
コニー株式会社,CITG019,itten-itten キーケース,11000,itten-itten,小物：キーケース・キーホルダー,,,イエロー|ウォームベージュ|オーク|サックス|チャコールグレー|テラコッタ|ピスタチオ|ピンク|ブルー|ペールグリーン,PINK|YELLOW|RED|GREEN|BLUE|GRAY|BROWN|BEIGE,天然皮革・本革,W60×H110×D20mm,約75g,整理も持ち歩きも便利。ラウンドファスナー式4連キーケース。,-,-,-,-,-,-,-,-,https://artisan.itembox.cloud/product/011/000000001134/000000001134-14.jpg?size=l&w=ODAw&t=20230201153619,https://shop.artisan-atelier.net/c/goods/toyookawallet/CITG-019,牛革,レディース|普段使い|ギフト,FALSE,FALSE,FALSE,FALSE,FALSE,TRUE,在庫あり
コニー株式会社,CITG020,itten-itten ドローストリングトート,30800,itten-itten,鞄：トート,,,イエロー|ウォームベージュ|オーク|サックス|チャコールグレー|テラコッタ|ピスタチオ|ピンク|ブルー|ペールグリーン,PINK|YELLOW|RED|GREEN|BLUE|GRAY|BROWN|BEIGE,天然皮革・本革,W270×H330×D95mm,約700g,気分に合わせて使い方色々。スタイルもカラーも色々楽しめる2WAYバッグ。,-,-,-,-,-,-,-,-,https://artisan.itembox.cloud/product/011/000000001127/000000001127-11.jpg?size=l&w=ODAw&t=20230201132914,https://shop.artisan-atelier.net/c/bag/toyooka_kaban/CITG-020,牛革|ボトル収納|タブレット収納,レディース|普段使い|ギフト|旅行|街歩き,FALSE,FALSE,FALSE,FALSE,FALSE,TRUE,在庫あり
コニー株式会社,CITG021,itten-itten ドローストリングショルダー,20900,itten-itten,鞄：ショルダー,,,イエロー|ウォームベージュ|オーク|サックス|チャコールグレー|テラコッタ|ピスタチオ|ピンク|ブルー|ペールグリーン,PINK|YELLOW|RED|GREEN|BLUE|GRAY|BROWN|BEIGE,天然皮革・本革,W200×H230×D135mm,約470g,こだわりレザー、こだわりのデザイン。可愛いフォルムの巾着型ショルダー。,-,-,-,-,-,-,-,-,https://artisan.itembox.cloud/product/011/000000001128/000000001128-08.jpg?size=l&w=ODAw&t=20230201134214,https://shop.artisan-atelier.net/c/bag/toyooka_kaban/CITG-021,牛革|ボトル収納|タブレット収納,レディース|普段使い|ギフト|旅行|街歩き,FALSE,FALSE,FALSE,FALSE,FALSE,TRUE,在庫あり
コニー株式会社,CITG022,itten-itten ミニポシェット,13200,itten-itten,鞄：ミニショルダー・ポーチ,,,イエロー|ウォームベージュ|オーク|サックス|チャコールグレー|テラコッタ|ピスタチオ|ピンク|ブルー|ペールグリーン,PINK|YELLOW|RED|GREEN|BLUE|GRAY|BROWN|BEIGE,天然皮革・本革,W135×H195×D10mm,約150g,好きなカラーのポシェットに最小限の荷物だけ。軽やかに楽しむお出掛け。,-,-,-,-,-,-,-,-,https://artisan.itembox.cloud/product/011/000000001135/000000001135-07.jpg?size=l&w=ODAw&t=20230412162343,https://shop.artisan-atelier.net/c/bag/toyooka_kaban/CITG-022,牛革|コンパクト,レディース|普段使い|ギフト|旅行|街歩き,FALSE,FALSE,FALSE,FALSE,FALSE,TRUE,在庫あり
コニー株式会社,CITG023,itten-itten MANIERA フラップウォレットL,22000,itten-itten,財布：コンパクト財布,,,イエロー|ピンク|ブルー,PINK|YELLOW|BLUE,天然皮革・本革,W200×H93×D30mm,約155g,革の魅力と使いやすさが長く愛せる魅力。こだわりのホック式長財布。,-,-,-,-,-,-,-,-,https://artisan.itembox.cloud/product/011/000000001129/000000001129-06.jpg?size=l&w=ODAw&t=20230201135314,https://shop.artisan-atelier.net/c/goods/toyookawallet/CITG-023,牛革,レディース|普段使い|ギフト,FALSE,FALSE,FALSE,FALSE,FALSE,TRUE,在庫あり
コニー株式会社,CITG024,itten-itten MANIERA フラップウォレットM,19800,itten-itten,財布：長財布,,,イエロー|ピンク|ブルー,PINK|YELLOW|BLUE,天然皮革・本革,W150×H93×D30mm,約120g,他にない個性的な革に心惹かれる。小銭、お札とマストのカードをスリムに収納。,-,-,-,-,-,-,-,-,https://artisan.itembox.cloud/product/011/000000001130/000000001130-07.jpg?size=l&w=ODAw&t=20230201141138,https://shop.artisan-atelier.net/c/goods/toyookawallet/CITG-024,牛革,レディース|普段使い|ギフト,FALSE,FALSE,FALSE,FALSE,FALSE,TRUE,在庫あり
コニー株式会社,CITG025,itten-itten MANIERA フラップウォレットS,16500,itten-itten,財布：コンパクト財布,,,イエロー|ピンク|ブルー,PINK|YELLOW|BLUE,天然皮革・本革,W115×H84×D30mm,約75g,１つ１つ異なる個性こそ革の魅力。ライトに使いたいミニサイズウォレット。,-,-,-,-,-,-,-,-,https://artisan.itembox.cloud/product/011/000000001131/000000001131-08.jpg?size=l&w=ODAw&t=20230201142311,https://shop.artisan-atelier.net/c/goods/toyookawallet/CITG-025,牛革,レディース|普段使い|ギフト,FALSE,FALSE,FALSE,FALSE,FALSE,TRUE,在庫あり
コニー株式会社,CITG026,itten-itten MANIERA ラウンドミニウォレット,19800,itten-itten,財布：コンパクト財布,,,イエロー|ピンク|ブルー,PINK|YELLOW|BLUE,天然皮革・本革,W110×H90×D30mm,約110g,コンパクトでもマルチな収納。個性的レザーのラウンドジップ二つ折り財布。,-,-,-,-,-,-,-,-,https://artisan.itembox.cloud/product/011/000000001120/000000001120-07.jpg?size=l&w=ODAw&t=20230125113224,https://shop.artisan-atelier.net/c/goods/toyookawallet/CITG-026,牛革,レディース|普段使い|ギフト,FALSE,FALSE,FALSE,FALSE,FALSE,TRUE,在庫あり
コニー株式会社,CITG027,itten-itten MANIERA ラウンドウォレット,22000,itten-itten,財布：長財布,,,イエロー|ピンク|ブルー,PINK|YELLOW|BLUE,天然皮革・本革,W200×H100×D23mm,約185g,個性的レザーに愛着。カードや領収書をしっかり収納できるラウンド長財布。,-,-,-,-,-,-,-,-,https://artisan.itembox.cloud/product/011/000000001121/000000001121-07.jpg?size=l&w=ODAw&t=20230125113458,https://shop.artisan-atelier.net/c/goods/toyookawallet/CITG-027,牛革,レディース|普段使い|ギフト,FALSE,FALSE,FALSE,FALSE,FALSE,TRUE,在庫あり
コニー株式会社,CITG028,itten-itten がま口長財布,18700,itten-itten,財布：長財布,,,イエロー|ウォームベージュ|オーク|サックス|チャコールグレー|テラコッタ|ピスタチオ|ピンク|ブルー|ペールグリーン,PINK|YELLOW|RED|GREEN|BLUE|GRAY|BROWN|BEIGE,天然皮革・本革,W225×H115×D25mm,約195g,パーツの配色にも遊び心。カードポケットもしっかり備えたガマ口長財布。,-,-,-,-,-,-,-,-,https://artisan.itembox.cloud/product/011/000000001122/000000001122-09.jpg?size=l&w=ODAw&t=20230125113704,https://shop.artisan-atelier.net/c/goods/toyookawallet/CITG-028,牛革,レディース|普段使い|ギフト,FALSE,FALSE,FALSE,FALSE,FALSE,TRUE,在庫あり
コニー株式会社,CITG029,(itten-itten がま口ミニ財布,14300,itten-itten,財布：コンパクト財布,,,イエロー|ウォームベージュ|オーク|サックス|チャコールグレー|テラコッタ|ピスタチオ|ピンク|ブルー|ペールグリーン,PINK|YELLOW|RED|GREEN|BLUE|GRAY|BROWN|BEIGE,天然皮革・本革,W145×H105×D25mm,約100g,失くしやすい携帯品収納にも便利。小さくて可愛いガマ口のお財布。,-,-,-,-,-,-,-,-,https://artisan.itembox.cloud/product/011/000000001123/000000001123-14.jpg?size=l&w=ODAw&t=20230125114030,https://shop.artisan-atelier.net/c/goods/toyookawallet/CITG-029,牛革,レディース|普段使い|ギフト,FALSE,FALSE,FALSE,FALSE,FALSE,TRUE,在庫あり
コニー株式会社,CITH-030,itten-itten ピコトート,14300,itten-itten,鞄：トート,,,イエロー|ウォームベージュ|オーク|サックス|チャコールグレー|テラコッタ|ピスタチオ|ピンク|ブルー|ペールグリーン,PINK|YELLOW|RED|GREEN|BLUE|GRAY|BROWN|BEIGE,天然皮革・本革,W170×H175×D60mm,約200g,手持ち・手提げで可愛らしいアイテム。携帯品を収める、とても小さなトート。,-,-,-,-,-,-,-,-,https://artisan.itembox.cloud/product/013/000000001319/000000001319-01.jpg?size=l&w=ODAw&t=20241207105903,https://shop.artisan-atelier.net/c/bag/toyooka_kaban/CITH-030,牛革|コンパクト,レディース|普段使い|ギフト|旅行|街歩き,FALSE,FALSE,FALSE,FALSE,FALSE,TRUE,在庫あり
コニー株式会社,CITI-031,itten-itten レザーミニトート(新仕様),18150,itten-itten,鞄：トート,,,イエロー|ウォームベージュ|オーク|サックス|チャコールグレー|テラコッタ|ピスタチオ|ピンク|ブルー|ペールグリーン,PINK|YELLOW|RED|GREEN|BLUE|GRAY|BROWN|BEIGE,天然皮革・本革,W215×H185×D160mm,約360g,豊富なカラバリ、でもシンプルに持てる。大人のレザーミニバッグ。,-,-,-,-,-,-,-,-,https://artisan.itembox.cloud/product/013/000000001316/000000001316-16.jpg?size=l&w=ODAw&t=20241114114114,https://shop.artisan-atelier.net/c/bag/toyooka_kaban/CITI-031,牛革|ボトル収納|コンパクト,レディース|普段使い|ギフト,TRUE,FALSE,TRUE,FALSE,TRUE,TRUE,在庫あり
コニー株式会社,CITI-032,レザーショルダーベルト,8800,itten-itten,鞄：その他鞄,,,イエロー|ウォームベージュ|オーク|サックス|チャコールグレー|テラコッタ|ピスタチオ|ピンク|ブルー|ペールグリーン,PINK|YELLOW|RED|GREEN|BLUE|GRAY|BROWN|BEIGE,天然皮革・本革,-,-,着脱式ショルダーベルトでさらに快適に。,-,-,-,-,-,-,-,-,https://artisan.itembox.cloud/product/013/000000001316/000000001316-21.jpg?size=l&w=ODAw&t=20241119102655,https://shop.artisan-atelier.net/c/bag/toyooka_kaban/CITI-031,牛革,レディース|普段使い|ギフト,FALSE,FALSE,FALSE,FALSE,FALSE,TRUE,在庫あり
コニー株式会社,CITI-033,itten-itten Lジップスリムウォレット,14300,itten-itten,財布：コンパクト財布,,,イエロー|ウォームベージュ|オーク|サックス|チャコールグレー|テラコッタ|ピスタチオ|ピンク|ブルー|ペールグリーン,PINK|YELLOW|RED|GREEN|BLUE|GRAY|BROWN|BEIGE,天然皮革・本革,W120×H90×D15mm,約95g,キャッシュレス派のあなたにオススメ。片手に収まる最小サイズのお財布。,-,-,-,-,-,-,-,-,https://artisan.itembox.cloud/product/013/000000001317/000000001317-12.jpg?size=l&w=ODAw&t=20241129100135,https://shop.artisan-atelier.net/c/goods/toyookawallet/CITI-033,牛革,レディース|普段使い|ギフト,FALSE,FALSE,FALSE,FALSE,FALSE,TRUE,在庫あり
コニー株式会社,CITI-034,itten-itten スモールラウンドウォレット,14300,itten-itten,財布：コンパクト財布,,,イエロー|ウォームベージュ|オーク|サックス|チャコールグレー|テラコッタ|ピスタチオ|ピンク|ブルー|ペールグリーン,PINK|YELLOW|RED|GREEN|BLUE|GRAY|BROWN|BEIGE,天然皮革・本革,W120×H80×D20mm,約95g,必要最小限のカードと小銭だけ収納。ファスナー付きで安心のミニウォレット。,-,-,-,-,-,-,-,-,https://artisan.itembox.cloud/product/013/000000001318/000000001318-01.jpg?size=l&w=ODAw&t=20241129161805,https://shop.artisan-atelier.net/c/goods/toyookawallet/CITI-034,牛革,レディース|普段使い|ギフト,FALSE,FALSE,FALSE,FALSE,FALSE,TRUE,在庫あり
コニー株式会社,CITJ-035,itten-itten Neru TOTE BAG,49500,itten-itten,鞄：トート,,,sumi（墨色）|zouge（象牙色）,WHITE,天然皮革・本革,W360×H285×D150mm,約1030g,美しく立体感あるマチが特徴。フォルムの変化も楽しめる、ON/OFF兼用肩掛けトート。,-,-,-,-,-,-,-,-,https://artisan.itembox.cloud/product/014/000000001433/000000001433-08.jpg?size=l&w=ODAw&t=20251210152552,https://shop.artisan-atelier.net/c/bag/toyooka_kaban/CITJ-035,牛革|ボトル収納|タブレット収納|13-14インチPC収納|A4収納,レディース|普段使い|旅行|街歩き,FALSE,FALSE,FALSE,FALSE,FALSE,TRUE,在庫あり
コニー株式会社,CITJ-036,itten-itten Neru MIDDLE TOTE,36300,itten-itten,鞄：トート,,,sumi（墨色）|zouge（象牙色）,WHITE,天然皮革・本革,W240×H220×D160mm,約480g,革の特徴を活かした立体的フォルム。チャームがアクセントの上品なトート。,-,-,-,-,-,-,-,-,https://artisan.itembox.cloud/product/014/000000001434/000000001434-07.jpg?size=l&w=ODAw&t=20251210152945,https://shop.artisan-atelier.net/c/bag/toyooka_kaban/CITJ-036,牛革|ボトル収納|タブレット収納,レディース|普段使い|旅行|街歩き,FALSE,FALSE,FALSE,FALSE,FALSE,TRUE,在庫あり
コニー株式会社,CITJ-037,itten-itten Neru ONE SHOULDERBAG,42900,itten-itten,鞄：ショルダー,,,sumi（墨色）|zouge（象牙色）,WHITE,天然皮革・本革,W250×H355×D80mm,約600g,肩掛け、斜め掛けどちらでも映えるシルエット。A4収納の万能ショルダー。,-,-,-,-,-,-,-,-,https://artisan.itembox.cloud/product/014/000000001435/000000001435-06.jpg?size=l&w=ODAw&t=20251210153253,https://shop.artisan-atelier.net/c/bag/toyooka_kaban/CITJ-037,牛革|ボトル収納|タブレット収納|13-14インチPC収納|A4収納,レディース|普段使い|旅行|街歩き,FALSE,FALSE,FALSE,FALSE,FALSE,TRUE,在庫あり
コニー株式会社,CITJ-038,itten-itten Neru ONE SHOULDER MINI,27500,itten-itten,鞄：ショルダー,,,sumi（墨色）|zouge（象牙色）,WHITE,天然皮革・本革,W170×H230×D80mm,約350g,お出かけの携帯品を収める絶妙サイズ。上品な形状が特徴のミニショルダー。,-,-,-,-,-,-,-,-,https://artisan.itembox.cloud/product/014/000000001436/000000001436-07.jpg?size=l&w=ODAw&t=20251210153559,https://shop.artisan-atelier.net/c/bag/toyooka_kaban/CITJ-038,牛革|ボトル収納|コンパクト,レディース|普段使い|旅行|街歩き,FALSE,FALSE,FALSE,FALSE,FALSE,TRUE,在庫あり
コニー株式会社,CITJ-039,itten-itten Neru FLAP MINI POCHETTE,22000,itten-itten,鞄：ミニショルダー・ポーチ,,,sumi（墨色）|zouge（象牙色）,WHITE,天然皮革・本革,W140×H135×D80mm,約280g,カブセがついた小さくて愛らしいフォルムに、チャームがアクセント。,-,-,-,-,-,-,-,-,https://artisan.itembox.cloud/product/014/000000001436/000000001436-06.jpg?size=l&w=ODAw&t=20251210153558,https://shop.artisan-atelier.net/c/bag/toyooka_kaban/CITJ-039,牛革|コンパクト,レディース|普段使い|旅行|街歩き,FALSE,FALSE,FALSE,FALSE,FALSE,TRUE,在庫あり
コニー株式会社,CJTA-002,CREEZAN JETTER LARGE TOTE,99000,CREEZAN,鞄：トート,,,ホワイト,WHITE,天然皮革・本革,W510×H355×D160mm,約1500g,この最高の相棒と、とっておきの旅を楽しみたい。,-,-,-,-,-,-,-,-,https://artisan.itembox.cloud/product/006/000000000670/000000000670-01.jpg?size=l&w=ODAw&t=20200818194507,https://shop.artisan-atelier.net/c/bag/toyooka_kaban/CJTA-002,牛革|ボトル収納|タブレット収納|13-14インチPC収納|15-16インチPC収納|A4収納|B4収納,ユニセックス|メンズ|レディース|普段使い|旅行,FALSE,FALSE,FALSE,FALSE,FALSE,TRUE,在庫あり
コニー株式会社,CJTB-004,CREEZAN JETTER RUCK,79200,CREEZAN,鞄：リュック・デイパック,,,ホワイト,WHITE,天然皮革・本革,W275×H410×D170mm,約1030g,カジュアル過ぎないデザインでシンプルに。whiteシュリンクレザーの傑作リュック。,-,-,-,-,-,-,-,-,https://artisan.itembox.cloud/product/006/000000000676/000000000676-01.jpg?size=l&w=ODAw&t=20200828094822,https://shop.artisan-atelier.net/c/bag/toyooka_kaban/CJTB-004,牛革|ボトル収納|タブレット収納|13-14インチPC収納|15-16インチPC収納|A4収納,ユニセックス|メンズ|レディース|普段使い|旅行,FALSE,FALSE,FALSE,FALSE,FALSE,TRUE,在庫あり
コニー株式会社,CJTB-005,CREEZAN JETTER SOFT TOTE,66000,CREEZAN,鞄：トート,,,ホワイト,WHITE,天然皮革・本革,W540×H310×D160mm,約1105g,メンズもレディースも、スマートに持てるレザートートの理想形。,-,-,-,-,-,-,-,-,https://artisan.itembox.cloud/product/006/000000000677/000000000677-01.jpg?size=l&w=ODAw&t=20200828095129,https://shop.artisan-atelier.net/c/bag/toyooka_kaban/CJTB-005,牛革|ボトル収納|タブレット収納|13-14インチPC収納|15-16インチPC収納|A4収納|B4収納,ユニセックス|メンズ|レディース|普段使い|旅行,FALSE,FALSE,FALSE,FALSE,FALSE,TRUE,在庫あり
コニー株式会社,CJTB-007,CREEZAN JETTER POUCH,34100,CREEZAN,鞄：ミニショルダー・ポーチ,,,ホワイト,WHITE,天然皮革・本革,W225×H135×D85mm,約250g,レザーも仕様もグレードアップ。ホワイトシュリンク×EXCELLA　スマートなクラッチ。,-,-,-,-,-,-,-,-,https://artisan.itembox.cloud/product/006/000000000679/000000000679-01.jpg?size=l&w=ODAw&t=20200828100318,https://shop.artisan-atelier.net/c/bag/toyooka_kaban/CJTB-007,牛革,ユニセックス|メンズ|レディース|普段使い,FALSE,FALSE,FALSE,FALSE,FALSE,TRUE,在庫あり
コニー株式会社,CJTB-008,CREEZAN JETTER TRUNK,418000,CREEZAN,鞄：その他鞄,,,ホワイト,WHITE,天然皮革・本革,W483×H303×D153mm,約2720g,白いボディに眩しい風格。これがJETTERのアタッシュケース。,-,-,-,-,-,-,-,-,https://artisan.itembox.cloud/product/006/000000000680/000000000680-01.jpg?size=l&w=ODAw&t=20200828095720,https://shop.artisan-atelier.net/c/bag/toyooka_kaban/CJTB-008,牛革|ボトル収納|タブレット収納|13-14インチPC収納|15-16インチPC収納|A4収納,ユニセックス|メンズ|レディース|普段使い|旅行,FALSE,FALSE,FALSE,FALSE,FALSE,TRUE,在庫あり
コニー株式会社,CJTB-010,CREEZAN JETTER SOFT BRIEFCASE,69300,CREEZAN,鞄：ビジネス・フォーマル,,,ブラック|ホワイト,WHITE|BLACK,天然皮革・本革,W425×H305×D85mm,約1025g,メンズ・レディース不問、スタイリッシュなグッドデザイン。JETTERソフトブリーフ。,-,-,-,-,-,-,-,-,https://artisan.itembox.cloud/product/006/000000000681/000000000681-01.jpg?size=l&w=ODAw&t=20200828100616,https://shop.artisan-atelier.net/c/bag/toyooka_kaban/CJTB-010,牛革|ボトル収納|タブレット収納|13-14インチPC収納|15-16インチPC収納|A4収納|B4収納,ユニセックス|メンズ|レディース|ビジネス,FALSE,FALSE,FALSE,FALSE,FALSE,TRUE,在庫あり
コニー株式会社,CJTD-014,CREEZAN JETTER MINI RUCK,61600,CREEZAN,鞄：リュック・デイパック,,,ホワイト,WHITE,天然皮革・本革,W235×H350×D130mm,約750g,CREEZANの定番人気モデル「JETTER RUCK」の、可愛いミニサイズ。,-,-,-,-,-,-,-,-,https://artisan.itembox.cloud/product/006/000000000683/000000000683-01.jpg?size=l&w=ODAw&t=20200828101240,https://shop.artisan-atelier.net/c/bag/toyooka_kaban/CJTD-014,牛革|ボトル収納|タブレット収納,レディース|普段使い|旅行|街歩き,FALSE,FALSE,FALSE,FALSE,FALSE,TRUE,在庫あり
コニー株式会社,CJTE-017,CREEZAN JETTER SOFT TOTE WF,71500,CREEZAN,鞄：トート,,,ホワイト,WHITE,天然皮革・本革,W540×H310×D160mm,約1120g,スマートに持てるレザートートの理想形。ご要望を多くいただいた、天ファスナー仕様。,-,-,-,-,-,-,-,-,https://artisan.itembox.cloud/product/006/000000000672/000000000672-06.jpg?size=l&w=ODAw&t=20200828094312,https://shop.artisan-atelier.net/c/bag/toyooka_kaban/CJTE-017,牛革|ボトル収納|タブレット収納|13-14インチPC収納|15-16インチPC収納|A4収納|B4収納,ユニセックス|メンズ|レディース|普段使い|旅行,FALSE,FALSE,FALSE,FALSE,FALSE,TRUE,在庫あり
コニー株式会社,CJTE-018,CREEZAN JETTER CLUTCH,36300,CREEZAN,鞄：クラッチ・セカンド,,,ホワイト,WHITE,天然皮革・本革,W325×H245×D20mm,約420g,A4クリアファイルをコンパクトに収納。こだわりホワイトレザーのクラッチバッグ。,-,-,-,-,-,-,-,-,https://artisan.itembox.cloud/product/006/000000000673/000000000673-01.jpg?size=l&w=ODAw&t=20200828094018,https://shop.artisan-atelier.net/c/bag/toyooka_kaban/CJTE-018,牛革|タブレット収納,ユニセックス|メンズ|レディース|普段使い|ビジネス,FALSE,FALSE,FALSE,FALSE,FALSE,TRUE,在庫あり
コニー株式会社,CJTE-021,CREEZAN JETTER BODY BAG,49500,CREEZAN,鞄：ボディ・ウエスト,,,ホワイト,WHITE,天然皮革・本革,W140×H285×D55mm,約480g,スマートに持てる縦長フォルム。目を引くホワイトレザーのボディバッグ。,-,-,-,-,-,-,-,-,https://artisan.itembox.cloud/product/006/000000000674/000000000674-07.jpg?size=l&w=ODAw&t=20200828093542,https://shop.artisan-atelier.net/c/bag/toyooka_kaban/CJTE-021,牛革|ボトル収納,ユニセックス|メンズ|レディース|普段使い,FALSE,FALSE,FALSE,FALSE,FALSE,TRUE,在庫あり
コニー株式会社,CJTE-022,CREEZAN JETTER BUM BAG,41800,CREEZAN,鞄：ボディ・ウエスト,,,ホワイト,WHITE,天然皮革・本革,W330×H155×D85mm,約450g,肩に斜め掛け、ウエスト持ちの2WAY。適度な丸みでもスリムなフォルムのバムバッグ。,-,-,-,-,-,-,-,-,https://artisan.itembox.cloud/product/006/000000000675/000000000675-06.jpg?size=l&w=ODAw&t=20200828093208,https://shop.artisan-atelier.net/c/bag/toyooka_kaban/CJTE-022,牛革,ユニセックス|メンズ|レディース|普段使い,FALSE,FALSE,FALSE,FALSE,FALSE,TRUE,在庫あり
コニー株式会社,CJTE-023,CREEZAN JETTER MINI BRIEFCASE,40700,CREEZAN,鞄：ビジネス・フォーマル,,,ブラック|ホワイト,WHITE|BLACK,天然皮革・本革,W280×H200×D25mm,約380g,タブレットPC収納サイズ、クラッチ感覚で持てるミニブリーフケース。,-,-,-,-,-,-,-,-,https://artisan.itembox.cloud/product/006/000000000632/000000000632-07.jpg?size=l&w=ODAw&t=20200828091649,https://shop.artisan-atelier.net/c/bag/toyooka_kaban/CJTE-023,牛革|タブレット収納|コンパクト,ユニセックス|メンズ|レディース|普段使い,FALSE,FALSE,FALSE,FALSE,FALSE,TRUE,在庫あり
コニー株式会社,CJTE-024,CREEZAN JETTER SACOCHE,40700,CREEZAN,鞄：ミニショルダー・ポーチ,,,ホワイト,WHITE,天然皮革・本革,W250×H190×D15mm,約360g,カジュアルなサコッシュも、純白レザーとメタルパーツで大人仕様に。,-,-,-,-,-,-,-,-,https://artisan.itembox.cloud/product/007/000000000718/000000000718-06.jpg?size=l&w=ODAw&t=20201117155727,https://shop.artisan-atelier.net/c/bag/toyooka_kaban/CJTE-024,牛革,ユニセックス|メンズ|レディース|普段使い,FALSE,FALSE,FALSE,FALSE,FALSE,TRUE,在庫あり
コニー株式会社,CJTE-025,CREEZAN JETTER ROUGH TOTE,53900,CREEZAN,鞄：トート,,,ホワイト,WHITE,天然皮革・本革,W255×H355×D145mm,約720g,美しいホワイトレザーで作られた、ユニセックスな柔らかテイストのトート。,-,-,-,-,-,-,-,-,https://artisan.itembox.cloud/product/007/000000000719/000000000719-06.jpg?size=l&w=ODAw&t=20201117163528,https://shop.artisan-atelier.net/c/bag/toyooka_kaban/CJTE-025,牛革|ボトル収納|タブレット収納|13-14インチPC収納|15-16インチPC収納|A4収納,ユニセックス|メンズ|レディース|普段使い,FALSE,FALSE,FALSE,FALSE,FALSE,TRUE,在庫あり
コニー株式会社,CJTE-026,CREEZAN JETTER SQUARE TOTE,49500,CREEZAN,鞄：トート,,,ホワイト,WHITE,天然皮革・本革,W220×H220×D160mm,約490g,上品な大人のwhite。どんなスタイルでも、このトートが可愛らしく演出してくれる。,-,-,-,-,-,-,-,-,https://artisan.itembox.cloud/product/007/000000000720/000000000720-06.jpg?size=l&w=ODAw&t=20201119093257,https://shop.artisan-atelier.net/c/bag/toyooka_kaban/CJTE-026,牛革|ボトル収納,ユニセックス|メンズ|レディース|普段使い,FALSE,FALSE,FALSE,FALSE,FALSE,TRUE,在庫あり
コニー株式会社,CJTF-027,CREEZAN JETTER SMARTPHONE CASE,20900,CREEZAN,鞄：ミニショルダー・ポーチ,,,ホワイト,WHITE,天然皮革・本革,W85×H163×D15mm,約90g,キャッシュレス派にも嬉しい収納付き。マルチサイズ仕様のスマートフォンケース。,-,-,-,-,-,-,-,-,https://artisan.itembox.cloud/product/008/000000000804/000000000804-08.jpg?size=l&w=ODAw&t=20210618184109,https://shop.artisan-atelier.net/c/goods/toyookawallet/CJTF-027,牛革,ユニセックス|メンズ|レディース|普段使い,FALSE,FALSE,FALSE,FALSE,FALSE,TRUE,在庫あり
コニー株式会社,CJTF-028,CREEZAN JETTER COMPACT WALLET,29700,CREEZAN,財布：コンパクト財布,,,ホワイト,WHITE,天然皮革・本革,W100×H77×D30mm,約75g,存在感のある上質ホワイトレザーの3つ折り式ミニ財布。,-,-,-,-,-,-,-,-,https://artisan.itembox.cloud/product/008/000000000805/000000000805-01.jpg?size=l&w=ODAw&t=20210618182743,https://shop.artisan-atelier.net/c/goods/toyookawallet/CJTF-028,牛革,ユニセックス|メンズ|レディース|普段使い|ギフト,FALSE,FALSE,FALSE,FALSE,FALSE,TRUE,在庫あり
コニー株式会社,CJTF-029,CREEZAN JETTER COIN CASE,20900,CREEZAN,小物：コインケース,,,ホワイト,WHITE,天然皮革・本革,W100×H75×D20mm,約65g,2層のコインルーム＋カードポケット。ゴート革のシンプルなコインケース。,-,-,-,-,-,-,-,-,https://artisan.itembox.cloud/product/008/000000000806/000000000806-06.jpg?size=l&w=ODAw&t=20210618183048,https://shop.artisan-atelier.net/c/goods/toyookawallet/CJTF-029,牛革,ユニセックス|メンズ|レディース|普段使い|ギフト,FALSE,FALSE,FALSE,FALSE,FALSE,TRUE,在庫あり
コニー株式会社,CJTF-030,CREEZAN JETTER KEY CASE,24200,CREEZAN,小物：キーケース・キーホルダー,,,ホワイト,WHITE,天然皮革・本革,W65×H120×D20mm,約90g,洗練されたスリムなフォルムのキーケース。,-,-,-,-,-,-,-,-,https://artisan.itembox.cloud/product/008/000000000807/000000000807-06.jpg?size=l&w=ODAw&t=20210618182034,https://shop.artisan-atelier.net/c/goods/toyookawallet/CJTF-030,牛革,ユニセックス|メンズ|レディース|普段使い|ギフト,FALSE,FALSE,FALSE,FALSE,FALSE,TRUE,在庫あり
コニー株式会社,CJTF-031,CREEZAN JETTER MOBILE SHOULDER,27500,CREEZAN,鞄：ミニショルダー・ポーチ,,,ホワイト,WHITE,天然皮革・本革,W110×H180×D10mm,約150g,スマートフォンがすっぽり入るモバイルショルダー。,-,-,-,-,-,-,-,-,https://artisan.itembox.cloud/product/008/000000000812/000000000812-07.jpg?size=l&w=ODAw&t=20210609151524,https://shop.artisan-atelier.net/c/goods/toyookawallet/CJTF-031,牛革|コンパクト,ユニセックス|メンズ|レディース|普段使い|ギフト,FALSE,FALSE,FALSE,FALSE,FALSE,TRUE,在庫あり
コニー株式会社,CJTF-036,CREEZAN JETTER HANDY KNAP,41800,CREEZAN,鞄：トート,,,ブラック|ホワイト,WHITE|BLACK,天然皮革・本革,W235×H230×D95mm,約430g,360度どこから見ても見栄えするダブルフェイス仕様の巾着バッグ。,-,-,-,-,-,-,-,-,https://artisan.itembox.cloud/product/009/000000000912/000000000912-06.jpg?size=l&w=ODAw&t=20211124104933,https://shop.artisan-atelier.net/c/bag/toyooka_kaban/CJTF-036,牛革,ユニセックス|メンズ|レディース|普段使い,FALSE,FALSE,FALSE,FALSE,FALSE,TRUE,在庫あり
コニー株式会社,CJTF-037,CREEZAN JETTER KNAPSACK,55000,CREEZAN,鞄：リュック・デイパック,,,ホワイト,WHITE,天然皮革・本革,W310×H400×D50mm,約710g,革の柔らかさを活かし「JETTER」だから実現した、レザーのナップサック。,-,-,-,-,-,-,-,-,https://artisan.itembox.cloud/product/009/000000000911/000000000911-01.jpg?size=l&w=ODAw&t=20211124104546,https://shop.artisan-atelier.net/c/bag/toyooka_kaban/CJTF-037,牛革|ボトル収納|タブレット収納|13-14インチPC収納|A4収納,ユニセックス|メンズ|レディース|普段使い,FALSE,FALSE,FALSE,FALSE,FALSE,TRUE,在庫あり
コニー株式会社,CJTF-038,CREEZAN JETTER BOX MINI SHOULDER,53900,CREEZAN,鞄：ミニショルダー・ポーチ,,,ホワイト,WHITE,天然皮革・本革,W190×H140×D95mm,約480g,コンパクトな見た目とトレンドライクなBOX型が可愛い、ミニショルダーバッグ。,-,-,-,-,-,-,-,-,https://artisan.itembox.cloud/product/009/000000000914/000000000914-06.jpg?size=l&w=ODAw&t=20211124104213,https://shop.artisan-atelier.net/c/bag/toyooka_kaban/CJTF-038,牛革|コンパクト,レディース|普段使い|旅行|街歩き,FALSE,FALSE,FALSE,FALSE,FALSE,TRUE,在庫あり
コニー株式会社,CJTF-039,CREEZAN JETTER SQUARE MINI SHOULDER,53900,CREEZAN,鞄：ミニショルダー・ポーチ,,,ホワイト,WHITE,天然皮革・本革,W150×H190×D90mm,約430g,カジュアルも上品な装いにも合う、可愛いサイズ＆個性的デザイン。,-,-,-,-,-,-,-,-,https://artisan.itembox.cloud/product/009/000000000913/000000000913-01.jpg?size=l&w=ODAw&t=20211124103505,https://shop.artisan-atelier.net/c/bag/toyooka_kaban/CJTF-039,牛革|コンパクト,レディース|普段使い|旅行|街歩き,FALSE,FALSE,FALSE,FALSE,FALSE,TRUE,在庫あり
コニー株式会社,CJTH-040,CREEZAN JETTER SMALL POCHETTE,29700,CREEZAN,鞄：ショルダー,,,ホワイト,WHITE,天然皮革・本革,W150×H100×D85mm,約250g,ポーチでも、ショルダーバッグとしても可愛い、携帯品収納ミニマムバッグ。,-,-,-,-,-,-,-,-,https://artisan.itembox.cloud/product/013/000000001365/000000001365-01.jpg?size=l&w=ODAw&t=20250725151829,https://shop.artisan-atelier.net/c/bag/toyooka_kaban/CJTH-040,牛革|コンパクト,レディース|普段使い|旅行|街歩き,FALSE,FALSE,FALSE,FALSE,FALSE,TRUE,在庫あり
コニー株式会社,CJTH-041,CREEZAN JETTER MEDIUM POCHETTE,33000,CREEZAN,鞄：ショルダー,,,ホワイト,WHITE,天然皮革・本革,W180×H120×D85mm,約320g,スマホ収納にも対応したミディアムサイズ。ショルダー、クラッチ、ポーチといろいろ活躍。,-,-,-,-,-,-,-,-,https://artisan.itembox.cloud/product/013/000000001366/000000001366-06.jpg?size=l&w=ODAw&t=20250725152118,https://shop.artisan-atelier.net/c/bag/toyooka_kaban/CJTH-041,牛革|コンパクト,レディース|普段使い|旅行|街歩き,FALSE,FALSE,FALSE,FALSE,FALSE,TRUE,在庫あり
コニー株式会社,CJTH-043,CREEZAN JETTER DAYPACK LARGE,74800,CREEZAN,鞄：リュック・デイパック,,,ホワイト,WHITE,天然皮革・本革,W300×H445×D160mm,約1540g,ホワイトレザーを贅沢に使用。たっぷり収納トラベルデイパック。,-,-,-,-,-,-,-,-,https://artisan.itembox.cloud/product/013/000000001367/000000001367-01.jpg?size=l&w=ODAw&t=20250725152336,https://shop.artisan-atelier.net/c/bag/toyooka_kaban/CJTH-043,牛革|ボトル収納|タブレット収納|13-14インチPC収納|15-16インチPC収納|A4収納,ユニセックス|メンズ|レディース|普段使い|旅行|街歩き,FALSE,FALSE,FALSE,FALSE,FALSE,TRUE,在庫あり
コニー株式会社,CPNE-001,PANIER ミニトートバッグ,11000,CREEZAN,鞄：トート,,,オーク|ブラック|ホワイト,WHITE|BLACK|BROWN,帆布・織物,,,,-,-,-,-,-,-,-,-,,,帆布|軽量|ボトル収納|,レディース|普段使い|旅行|街歩き,FALSE,FALSE,FALSE,FALSE,FALSE,TRUE,在庫あり
コニー株式会社,CSRC-002,CREEZAN STREAMER RUCK,59400,CREEZAN,鞄：リュック・デイパック,,,ブラック,BLACK,合成繊維,W340×H430×D200mm,約940g,上品な質感、シワ、光沢感。上質ナイロンで作られたシンプルなリュック。,-,-,-,-,-,-,-,-,https://artisan.itembox.cloud/product/006/000000000607/000000000607-08.jpg?size=l&w=ODAw&t=20200803140549,https://shop.artisan-atelier.net/c/bag/toyooka_kaban/CSRC-002,ナイロン|軽量|ボトル収納|タブレット収納|13-14インチPC収納|15-16インチPC収納|A4収納,ユニセックス|メンズ|レディース|普段使い|旅行|街歩き,FALSE,FALSE,FALSE,FALSE,FALSE,TRUE,在庫あり
コニー株式会社,CUMB-006,CREEZAN ULTIMATE RUCK L2,59400,CREEZAN,鞄：リュック・デイパック,,,ブラック,BLACK,天然皮革・本革,W295×H450×D120mm,約900g,男女問わず人気のRUCK M-2を超えるスマート感、美しいシルエット。,-,-,-,-,-,-,-,-,https://artisan.itembox.cloud/product/010/000000001052/000000001052-06.jpg?size=l&w=ODAw&t=20221012165729,https://shop.artisan-atelier.net/c/bag/toyooka_kaban/CUMB-006,牛革|ボトル収納|タブレット収納|13-14インチPC収納|15-16インチPC収納|A4収納,ユニセックス|メンズ|レディース|普段使い|旅行|街歩き,FALSE,FALSE,FALSE,FALSE,FALSE,TRUE,在庫あり
コニー株式会社,CUMB-007,CREEZAN ULTIMATE RUCK M2,57200,CREEZAN,鞄：リュック・デイパック,,,ブラック,BLACK,天然皮革・本革,W295×H400×D120mm,約800g,エレガントで優雅な旅のパートナー。上質シュリンクレザーの美しいリュック。,-,-,-,-,-,-,-,-,https://artisan.itembox.cloud/product/007/000000000703/000000000703-01.jpg?size=l&w=ODAw&t=20200901112739,https://shop.artisan-atelier.net/c/bag/toyooka_kaban/CUMB-007,牛革|ボトル収納|タブレット収納|13-14インチPC収納|A4収納,ユニセックス|メンズ|レディース|普段使い|旅行|街歩き,FALSE,FALSE,FALSE,FALSE,FALSE,TRUE,在庫あり
コニー株式会社,CUMF-008,CREEZAN ULTIMATE TOTE BAG,73700,CREEZAN,鞄：トート,,,オーク|ブラック,BLACK|BROWN,天然皮革・本革,W375×H300×D135mm,約1250g,柔らかなシュリンクレザーを贅沢に使用した、シンプルイズベストなトート。,-,-,-,-,-,-,-,-,https://artisan.itembox.cloud/product/014/000000001419/000000001419-06.jpg?size=l&w=ODAw&t=20251014102754,https://shop.artisan-atelier.net/c/bag/toyooka_kaban/CUMF-008,牛革|ボトル収納|タブレット収納|13-14インチPC収納|15-16インチPC収納|A4収納,ユニセックス|メンズ|レディース|普段使い|旅行|街歩き,FALSE,FALSE,FALSE,FALSE,FALSE,TRUE,在庫あり
コニー株式会社,CUMF-009,CREEZAN ULTIMATE 2WAY TOTE BAG,73700,CREEZAN,鞄：トート,,,オーク|ブラック,BLACK|BROWN,天然皮革・本革,W290×H365×D135mm,約1300g,A4書類、ドリンク、小物を整頓収納。佇まいが美しい、レザーの縦型トート。,-,-,-,-,-,-,-,-,https://artisan.itembox.cloud/product/014/000000001416/000000001416-07.jpg?size=l&w=ODAw&t=20251014103001,https://shop.artisan-atelier.net/c/bag/toyooka_kaban/CUMF-009,牛革|ボトル収納|タブレット収納|13-14インチPC収納|A4収納,ユニセックス|メンズ|レディース|普段使い|旅行|街歩き,FALSE,FALSE,FALSE,FALSE,FALSE,TRUE,在庫あり
コニー株式会社,CUMF-010,CREEZAN ULTIMATE BODYBAG,41800,CREEZAN,鞄：ボディ・ウエスト,,,オーク|ブラック,BLACK|BROWN,天然皮革・本革,W160×H320×D45mm,約570g,スマートなフォルムが魅力。ペットボトル、長財布をしっかり収納。,-,-,-,-,-,-,-,-,https://artisan.itembox.cloud/product/014/000000001417/000000001417-07.jpg?size=l&w=ODAw&t=20251014103126,https://shop.artisan-atelier.net/c/bag/toyooka_kaban/CUMF-010,牛革|ボトル収納,ユニセックス|メンズ|レディース|普段使い|旅行|街歩き,FALSE,FALSE,FALSE,FALSE,FALSE,TRUE,在庫あり
コニー株式会社,CUMF-011,CREEZAN ULTIMATE RUCK,62700,CREEZAN,鞄：リュック・デイパック,,,オーク|ブラック,BLACK|BROWN,天然皮革・本革,W280×H430×D95mm,約1020g,柔らかいフォルムが特徴。レザーの品格と細かな機能を備え、幅広い活躍必至。,-,-,-,-,-,-,-,-,https://artisan.itembox.cloud/product/014/000000001420/000000001420-07.jpg?size=l&w=ODAw&t=20251014103246,https://shop.artisan-atelier.net/c/bag/toyooka_kaban/CUMF-011,牛革|ボトル収納|タブレット収納|13-14インチPC収納|15-16インチPC収納|A4収納,ユニセックス|メンズ|レディース|普段使い|旅行|街歩き,FALSE,FALSE,FALSE,FALSE,FALSE,TRUE,在庫あり
コニー株式会社,CUMF-012,CREEZAN ULTIMATE SHOULDER BAG,47300,CREEZAN,鞄：ミニショルダー・ポーチ,,,オーク|ブラック,BLACK|BROWN,天然皮革・本革,W320×H220×D90mm,約820g,ソフトなシュリンクレザーを使用した、上品で実用的なショルダーバッグ。,-,-,-,-,-,-,-,-,https://artisan.itembox.cloud/product/014/000000001421/000000001421-06.jpg?size=l&w=ODAw&t=20251014103408,https://shop.artisan-atelier.net/c/bag/toyooka_kaban/CUMF-012,牛革|ボトル収納|タブレット収納,ユニセックス|メンズ|レディース|普段使い|旅行|街歩き,FALSE,FALSE,FALSE,FALSE,FALSE,TRUE,在庫あり
マスミ鞄嚢株式会社,BA02-430S,アタッシュケース クラシックS,330000,,鞄：その他鞄,,,ネイビー|ブラック|ヘーゼル,NAVY|BLACK|BEIGE,天然皮革・本革,,,,-,-,-,-,-,-,-,-,https://shop.artisan-atelier.net/images/whats_toyookakaban.png,,,,FALSE,FALSE,FALSE,FALSE,FALSE,TRUE,在庫あり
マスミ鞄嚢株式会社,BA02SBS,アタッシュケース クラシック 小 ブライドル,418000,,鞄：その他鞄,,,ネイビー|ブラック|ヘーゼル,NAVY|BLACK|BEIGE,天然皮革・本革,W430×H260×D95mm,約2600g,歴史ある豊岡・マスミ鞄嚢社が仕上げた逸品。英国産ブライドルレザーのアタッシュケース。,-,-,-,-,-,-,-,-,https://artisan.itembox.cloud/product/009/000000000901/000000000901-11.jpg?size=l&w=ODAw&t=20211116153454,https://shop.artisan-atelier.net/c/bag/toyooka_kaban/BA02SBS,牛革|ボトル収納|タブレット収納|13-14インチPC収納|15-16インチPC収納|A4収納|B4収納,メンズ|普段使い|ビジネス|旅行,FALSE,FALSE,FALSE,FALSE,FALSE,TRUE,在庫あり
マスミ鞄嚢株式会社,BF02GMD,漁網デニム ファスナーブリーフ B4,52800,,鞄：ビジネス・フォーマル,,for the Blue,キャメル|ネイビー,NAVY|BROWN,帆布・織物,W410×H300×D80mm,約940g,再生素材デニム+レザーの良いとこ取り。”MADE IN JAPAN・TOYOOKA”のスマートブリーフケース。,-,-,-,-,-,-,-,-,https://artisan.itembox.cloud/product/011/000000001160/000000001160-01.jpg?size=l&w=ODAw&t=20230428114626,https://shop.artisan-atelier.net/c/bag/toyooka_kaban/BF02GMD,漁網デニム|タブレット収納|13-14インチPC収納|15-16インチPC収納|A4収納|B4収納,ユニセックス|メンズ|レディース|普段使い|ビジネス,FALSE,FALSE,FALSE,FALSE,FALSE,TRUE,在庫あり
マスミ鞄嚢株式会社,DB01-460,ダレスボストン,253000,,鞄：ダレス,,,キャメル|チョコ|ブラック,BLACK|BROWN,天然皮革・本革,W460×H270×D190mm,約2100g,逸品ここにあり。これぞ豊岡鞄。,-,-,-,-,-,-,-,-,https://artisan.itembox.cloud/product/009/000000000905/000000000905-01.jpg?size=l&w=ODAw&t=20211116152430,https://shop.artisan-atelier.net/c/bag/toyooka_kaban/DB01-460,牛革|ボトル収納|タブレット収納|13-14インチPC収納|15-16インチPC収納|A4収納,メンズ|普段使い|ビジネス|旅行,FALSE,FALSE,FALSE,FALSE,FALSE,TRUE,在庫あり
マスミ鞄嚢株式会社,DB04BU,ダレスボストン S ブッテーロ,231000,,鞄：ダレス,,,イエロー|オレンジ|チョコ|ピンク|ブラック|レッド,PINK|ORANGE|YELLOW|RED|BLACK|BROWN,天然皮革・本革,W360×H270×D160mm,約1800g,経年変化を楽しみながら長くお使いいただける、コンパクトなダレスボストン。,-,-,-,-,-,-,-,-,https://artisan.itembox.cloud/product/011/000000001161/000000001161-06.jpg?size=l&w=ODAw&t=20230428161715,https://shop.artisan-atelier.net/c/bag/toyooka_kaban/DB04BU,牛革|ボトル収納|タブレット収納|13-14インチPC収納|A4収納,ユニセックス|メンズ|レディース|普段使い|ビジネス,FALSE,FALSE,FALSE,FALSE,FALSE,TRUE,在庫あり
マスミ鞄嚢株式会社,HND01,フォーマルバッグ 小,59400,,鞄：ビジネス・フォーマル,,,ブラック,BLACK,天然皮革・本革,W240×H165×D95mm,約400g,水シボ型押しのレザー、整った佇まい。飾らずとも美しいフォーマルバッグ。,-,-,-,-,-,-,-,-,https://artisan.itembox.cloud/product/007/000000000792/000000000792-06.jpg?size=l&w=ODAw&t=20210517133600,https://shop.artisan-atelier.net/c/bag/toyooka_kaban/HND01,牛革,レディース|冠婚葬祭,FALSE,FALSE,FALSE,FALSE,FALSE,TRUE,在庫あり
マスミ鞄嚢株式会社,HND03,お受験バッグ 前カブセ,59400,,鞄：ビジネス・フォーマル,,,ブラック,BLACK,天然皮革・本革,W240×H170×D90mm,約400g,綺麗な曲線が特徴のカブセ付。控え目な品格を備えた作りの良い鞄。,-,-,-,-,-,-,-,-,https://artisan.itembox.cloud/product/010/000000001024/000000001024-01.jpg?size=l&w=ODAw&t=20220725151703,https://shop.artisan-atelier.net/c/bag/toyooka_kaban/HND03,牛革,レディース|冠婚葬祭,FALSE,FALSE,FALSE,FALSE,FALSE,TRUE,在庫あり
マスミ鞄嚢株式会社,HND04GM,For the blue お受験サブパック,21780,,鞄：トート,,,ディープブルー,BLUE,合成繊維,W400×H350×D150mm,約460g,A4対応・マチ拡大で実用的。細々した荷物をまとめて収納できる、大きめフォーマルバッグ。,-,-,-,-,-,-,-,-,https://artisan.itembox.cloud/product/011/000000001162/000000001162-01.jpg?size=l&w=ODAw&t=20230428162528,https://shop.artisan-atelier.net/c/bag/toyooka_kaban/HND04GM,ナイロン|軽量|ボトル収納|タブレット収納|13-14インチPC収納|A4収納,ユニセックス|メンズ|レディース|冠婚葬祭,FALSE,FALSE,FALSE,FALSE,FALSE,TRUE,在庫あり
マスミ鞄嚢株式会社,KT04GMD,漁網デニム カブセトランク M,62700,,鞄：その他鞄,,for the Blue,キャメル|ネイビー,NAVY|BROWN,帆布・織物,W390×H270×D70mm,約1300g,環境にも配慮した素材を使用して職人が仕上げた、デニムトランク。,-,-,-,-,-,-,-,-,https://artisan.itembox.cloud/product/011/000000001163/000000001163-06.jpg?size=l&w=ODAw&t=20230428164532,https://shop.artisan-atelier.net/c/bag/toyooka_kaban/KT04GMD,漁網デニム|タブレット収納|13-14インチPC収納|A4収納,ユニセックス|メンズ|レディース|普段使い|ビジネス,FALSE,FALSE,FALSE,FALSE,FALSE,TRUE,在庫あり
マスミ鞄嚢株式会社,KT05GMD,漁網デニム カブセトランク S,49500,,鞄：その他鞄,,for the Blue,キャメル|ネイビー,NAVY|BROWN,帆布・織物,W250×H190×D75mm,約820g,携帯品を収めてショルダーバッグとしても活躍。上品なデニムのミニトランク。,-,-,-,-,-,-,-,-,https://artisan.itembox.cloud/product/011/000000001164/000000001164-07.jpg?size=l&w=ODAw&t=20230428165934,https://shop.artisan-atelier.net/c/bag/toyooka_kaban/KT05GMD,漁網デニム|タブレット収納,ユニセックス|メンズ|レディース|普段使い,FALSE,FALSE,FALSE,FALSE,FALSE,TRUE,在庫あり
マスミ鞄嚢株式会社,SXT2002,Shokolatt トラベルモバイルウエアXS ショルダーポーチシングル,20350,Shokolatt,鞄：ミニショルダー・ポーチ,,,トープ|ネイビー|ブラック,NAVY|BLACK|BEIGE,天然皮革・本革,W90×H165×D10mm,約100g,iPhoneとカードを収納。最少サイズのレザーショルダーポーチ。,-,-,-,-,-,-,-,-,https://artisan.itembox.cloud/product/008/000000000886/000000000886-15.jpg?size=l&w=ODAw&t=20251003092752,https://shop.artisan-atelier.net/c/bag/toyooka_kaban/SXT2002,牛革|コンパクト,ユニセックス|メンズ|レディース|普段使い,FALSE,FALSE,FALSE,FALSE,FALSE,TRUE,在庫あり
マスミ鞄嚢株式会社,SXT2004,Shokolatt トラベルショルダーL,44000,Shokolatt,鞄：ミニショルダー・ポーチ,,,トープ|ネイビー|ブラック,NAVY|BLACK|BEIGE,天然皮革・本革,W240×H120×D30mm,約360g,財布をお洒落に身に纏う。日常も旅シーンも大活躍のレザーミニショルダー。,-,-,-,-,-,-,-,-,https://artisan.itembox.cloud/product/009/000000000900/000000000900-08.jpg?size=l&w=ODAw&t=20251003093508,https://shop.artisan-atelier.net/c/bag/toyooka_kaban/SXT2004,牛革|コンパクト,ユニセックス|メンズ|レディース|普段使い,FALSE,FALSE,FALSE,FALSE,FALSE,TRUE,在庫あり
マスミ鞄嚢株式会社,SXT2101,Shokolatt フラグメントケース,17600,Shokolatt,財布：コンパクト財布,,,トープ|ネイビー|ブラック,NAVY|BLACK|BEIGE,天然皮革・本革,W170×H90×D5mm,約60g,デイリーもトラベルも、必要最小限のカードで身軽に快適に。,-,-,-,-,-,-,-,-,https://artisan.itembox.cloud/product/008/000000000896/000000000896-06.jpg?size=l&w=ODAw&t=20211118160055,https://shop.artisan-atelier.net/c/goods/toyookawallet/SXT2101,牛革,ユニセックス|メンズ|レディース|普段使い|ギフト,FALSE,FALSE,FALSE,FALSE,FALSE,TRUE,在庫あり
マスミ鞄嚢株式会社,SXT2101-1,Shokolatt フラグメントケース,18480,Shokolatt,財布：コンパクト財布,,,ゴールド|シルバー,METALLIC,天然皮革・本革,W170×H90×D5mm,約60g,デイリーもトラベルも、必要最小限のカードで身軽に快適に。,-,-,-,-,-,-,-,-,https://artisan.itembox.cloud/product/011/000000001147/000000001147-05.jpg?size=l&w=ODAw&t=20230227142637,https://shop.artisan-atelier.net/c/goods/toyookawallet/SXT2101-1,牛革,ユニセックス|メンズ|レディース|普段使い|ギフト,FALSE,FALSE,FALSE,FALSE,FALSE,TRUE,在庫あり
マスミ鞄嚢株式会社,SXT2102,Shokolatt ショルダーポーチ ダブルS,26400,Shokolatt,鞄：ミニショルダー・ポーチ,,,トープ|ネイビー|ブラック,NAVY|BLACK|BEIGE,天然皮革・本革,W115×H185×D15mm,約160g,お出掛けはミニマルなスタイルで。スマホ、カード、キーケースを収納。,-,-,-,-,-,-,-,-,https://artisan.itembox.cloud/product/009/000000000909/000000000909-08.jpg?size=l&w=ODAw&t=20211122103248,https://shop.artisan-atelier.net/c/bag/toyooka_kaban/SXT2102,牛革|コンパクト,ユニセックス|メンズ|レディース|普段使い,FALSE,FALSE,FALSE,FALSE,FALSE,TRUE,在庫あり
マスミ鞄嚢株式会社,SXT2102-1,Shokolatt ショルダーポーチ ダブルS,28600,Shokolatt,鞄：ミニショルダー・ポーチ,,,ゴールド|シルバー,METALLIC,天然皮革・本革,W115×H185×D15mm,約160g,お出掛けはミニマルなスタイルで。スマホ、カード、キーケースを収納。,-,-,-,-,-,-,-,-,https://artisan.itembox.cloud/product/011/000000001148/000000001148-01.jpg?size=l&w=ODAw&t=20230227142201,https://shop.artisan-atelier.net/c/bag/toyooka_kaban/SXT2102-1,牛革|コンパクト,ユニセックス|メンズ|レディース|普段使い,FALSE,FALSE,FALSE,FALSE,FALSE,TRUE,在庫あり
マスミ鞄嚢株式会社,SXT2103,Shokolatt XLショルダーポーチ ダブルL,35200,Shokolatt,鞄：ミニショルダー・ポーチ,,,トープ|ネイビー|ブラック,NAVY|BLACK|BEIGE,天然皮革・本革,W165×H220×D15mm,約260g,iPad miniを収納できる、コンパクトサイズのレザーショルダー。,-,-,-,-,-,-,-,-,https://artisan.itembox.cloud/product/008/000000000895/000000000895-07.jpg?size=l&w=ODAw&t=20211118165234,https://shop.artisan-atelier.net/c/bag/toyooka_kaban/SXT2103,牛革|タブレット収納|コンパクト,ユニセックス|メンズ|レディース|普段使い,TRUE,FALSE,TRUE,FALSE,TRUE,TRUE,在庫あり
マスミ鞄嚢株式会社,SXT2103-1,Shokolatt XLショルダーポーチ ダブルL,38500,Shokolatt,鞄：ミニショルダー・ポーチ,,,ゴールド|シルバー,METALLIC,天然皮革・本革,W165×H220×D15mm,約260g,iPad miniを収納できる、コンパクトサイズのレザーショルダー。,-,-,-,-,-,-,-,-,https://artisan.itembox.cloud/product/011/000000001149/000000001149-01.jpg?size=l&w=ODAw&t=20230227141717,https://shop.artisan-atelier.net/c/bag/toyooka_kaban/SXT2103-1,牛革|タブレット収納|コンパクト,ユニセックス|メンズ|レディース|普段使い,FALSE,FALSE,FALSE,FALSE,FALSE,TRUE,在庫あり
マスミ鞄嚢株式会社,SXT2104,Shokolatt トラベルトートL,79200,Shokolatt,鞄：トート,,,トープ|ネイビー|ブラック,NAVY|BLACK|BEIGE,天然皮革・本革,W300×H250×D150mm,約880g,小旅行に連れていきたい、作りの良いレザートート。,-,-,-,-,-,-,-,-,https://artisan.itembox.cloud/product/009/000000000907/000000000907-06.jpg?size=l&w=ODAw&t=20211119162901,https://shop.artisan-atelier.net/c/bag/toyooka_kaban/SXT2104,牛革|ボトル収納|タブレット収納,レディース|普段使い,FALSE,FALSE,FALSE,FALSE,FALSE,TRUE,在庫あり
マスミ鞄嚢株式会社,TOT01-220,ショッピングトートM シュリンク,89100,,鞄：トート,,,ジーンブルー|ピンク|ブラック|ライトグレー|レッド,PINK|RED|BLUE|GRAY|BLACK,天然皮革・本革,W220×H210×D180mm,約600g,エレガントな女性に似合う、上質レザーを使用したトートバッグ。,-,-,-,-,-,-,-,-,https://artisan.itembox.cloud/product/008/000000000894/000000000894-10.jpg?size=l&w=ODAw&t=20211119184424,https://shop.artisan-atelier.net/c/bag/toyooka_kaban/TOT01-220,牛革|ボトル収納|タブレット収納,レディース|普段使い,FALSE,FALSE,FALSE,FALSE,FALSE,TRUE,在庫あり
マスミ鞄嚢株式会社,TS04GS,かぶせショルダー A5縦,127600,,鞄：ショルダー,,,ジーンブルー|チョコ|トープ|ブラック,BLUE|BLACK|BROWN|BEIGE,天然皮革・本革,W180×H240×D65mm,約720g,ドイツの有名タンナー・ぺリンガー社のシュリンクレザーを使用。長く愛用できる皮革ショルダー。,-,-,-,-,-,-,-,-,https://artisan.itembox.cloud/product/009/000000000906/000000000906-07.jpg?size=l&w=ODAw&t=20211116144758,https://shop.artisan-atelier.net/c/bag/toyooka_kaban/TS04GS,牛革|ボトル収納|タブレット収納,ユニセックス|メンズ|レディース|普段使い,FALSE,FALSE,FALSE,FALSE,FALSE,TRUE,在庫あり
マスミ鞄嚢株式会社,TS07GS,かぶせショルダーバッグ A4,165000,,鞄：ショルダー,,,オレンジ|チョコ|ネイビー|ライトグレー,ORANGE|NAVY|GRAY|BROWN,天然皮革・本革,W335×H240×D80mm,約900g,上質のシンプル。良い革を職人が丁寧に仕上げたショルダー。,-,-,-,-,-,-,-,-,https://artisan.itembox.cloud/product/011/000000001165/000000001165-07.jpg?size=l&w=ODAw&t=20230428171111,https://shop.artisan-atelier.net/c/bag/toyooka_kaban/TS07,牛革|ボトル収納|タブレット収納|13-14インチPC収納|A4収納,ユニセックス|メンズ|レディース|普段使い,FALSE,FALSE,FALSE,FALSE,FALSE,TRUE,在庫あり
マスミ鞄嚢株式会社,TT03CHC,トレー付きトランク・茶道具用,385000,,鞄：その他鞄,,,抹茶グリーン,GREEN|BROWN,天然皮革・本革,W400×H255×D125mm,約2500g,自然由来の優しい風合い。アップサイクルレザーの茶道具収納トランク。,-,-,-,-,-,-,-,-,https://artisan.itembox.cloud/product/010/000000001035/000000001035-06.jpg?size=l&w=ODAw&t=20220817095458,https://shop.artisan-atelier.net/c/bag/toyooka_kaban/TT03CHC,牛革|ボトル収納|タブレット収納|13-14インチPC収納|A4収納,ユニセックス|メンズ|レディース|普段使い,FALSE,FALSE,FALSE,FALSE,FALSE,TRUE,在庫あり
マスミ鞄嚢株式会社,TT03WNW,トレー付きトランク・ワイン用,385000,,鞄：その他鞄,,,ワインレッド,RED,天然皮革・本革,W400×H255×D125mm,約2500g,最高のワインを収めるトランクは、サステナブルレザーを用いた上質の逸品を。,-,-,-,-,-,-,-,-,https://artisan.itembox.cloud/product/010/000000001034/000000001034-01.jpg?size=l&w=ODAw&t=20220817092734,https://shop.artisan-atelier.net/c/bag/toyooka_kaban/TT03WNW,牛革|ボトル収納|タブレット収納|13-14インチPC収納|A4収納,ユニセックス|メンズ|レディース|普段使い,FALSE,FALSE,FALSE,FALSE,FALSE,TRUE,在庫あり
マスミ鞄嚢株式会社,WLF01,ラウンドファスナー長財布 ドイツシュリンク,79200,,財布：長財布,,,オレンジ|ゴールド|ジーンブルー|トープ|ブラック,METALLIC|ORANGE|BLUE|BLACK|BEIGE,天然皮革・本革,W190×H100×D25mm,約260g,選び抜いた革で作り上げた。マスミ鞄嚢の上品な長財布。,-,-,-,-,-,-,-,-,https://artisan.itembox.cloud/product/009/000000000910/000000000910-15.jpg?size=l&w=ODAw&t=20251001155206,https://shop.artisan-atelier.net/c/goods/toyookawallet/WLF01,牛革,ユニセックス|メンズ|レディース|普段使い|ギフト,FALSE,FALSE,FALSE,FALSE,FALSE,TRUE,在庫あり
マスミ鞄嚢株式会社,WLG02,長札入れ カーフ,47300,,財布：長財布,,,オレンジ|ゴールド|ジーンブルー|ネイビー|ホワイト,METALLIC|ORANGE|NAVY|BLUE|WHITE,天然皮革・本革,W190×H90×D10mm,約100g,持つ人を引き立てる。スリムな仕様の美しい長財布。,-,-,-,-,-,-,-,-,https://artisan.itembox.cloud/product/008/000000000899/000000000899-07.jpg?size=l&w=ODAw&t=20211119183035,https://shop.artisan-atelier.net/c/goods/toyookawallet/WLG02,牛革,ユニセックス|メンズ|レディース|普段使い|ギフト,FALSE,FALSE,FALSE,FALSE,FALSE,TRUE,在庫あり
マスミ鞄嚢株式会社,WLG2101,レッザボタニカ フラグメントケース,18480,,財布：コンパクト財布,,,コーヒー|ワインレッド|抹茶グリーン,RED|GREEN|BROWN,天然皮革・本革,W170×H90×D5mm,約60g,植物鞣しで活き活きと豊かな革の表情。内ポケットに収めるスリムウォレット。,-,-,-,-,-,-,-,-,https://artisan.itembox.cloud/product/010/000000001053/000000001053-06.jpg?size=l&w=ODAw&t=20221012171947,https://shop.artisan-atelier.net/c/goods/toyookawallet/WLG2101,牛革,ユニセックス|メンズ|レディース|普段使い|ギフト,FALSE,FALSE,FALSE,FALSE,FALSE,TRUE,在庫あり
マスミ鞄嚢株式会社,WMS01NC,総革名刺入れ 通しマチ,26400,,小物：名刺入れ、カード入れ,,,イエロー|オレンジ|ゴールド|ジーンブルー|ネイビー|ブラック|ホワイト,METALLIC|ORANGE|YELLOW|NAVY|BLUE|WHITE|BLACK,天然皮革・本革,W110×H70×D20mm,約60g,ドイツ老舗タンナー仕上げの型押しカーフを、豊岡・マスミ鞄嚢社が丹精込めて作った名刺入れ。,-,-,-,-,-,-,-,-,https://artisan.itembox.cloud/product/010/000000001046/000000001046-09.jpg?size=l&w=ODAw&t=20220930095318,https://shop.artisan-atelier.net/c/goods/toyookawallet/WMS01NC,牛革,ユニセックス|メンズ|レディース|普段使い|ギフト,FALSE,FALSE,FALSE,FALSE,FALSE,TRUE,在庫あり
マスミ鞄嚢株式会社,WPS01NC,パスポートケース カーフ,66000,,小物：その他小物,,,オレンジ|ネイビー|ブルー|ホワイト,ORANGE|NAVY|BLUE|WHITE,天然皮革・本革,W105×H205×D15mm,約140g,旅のお供に。ドイツ製上質カーフのトラベルチケットケース。,-,-,-,-,-,-,-,-,https://artisan.itembox.cloud/product/008/000000000898/000000000898-10.jpg?size=l&w=ODAw&t=20211119183625,https://shop.artisan-atelier.net/c/goods/toyookawallet/WPS01NC,牛革,ユニセックス|メンズ|レディース|普段使い|ギフト,FALSE,FALSE,FALSE,FALSE,FALSE,TRUE,在庫あり
マスミ鞄嚢株式会社,WST01GS,二つ折りカードウォレット,39600,,財布：コンパクト財布,,,オレンジ|グリーン|ジーンブルー|チョコ|ネイビー|ブラック|ライトグレー,ORANGE|GREEN|NAVY|BLUE|GRAY|BLACK|BROWN,天然皮革・本革,W90×H100×D15mm,約60g,上質レザーをシンプルに使いやすく。キャッシュ時代のスマートウォレット。,-,-,-,-,-,-,-,-,https://artisan.itembox.cloud/product/008/000000000897/000000000897-09.jpg?size=l&w=ODAw&t=20211116150316,https://shop.artisan-atelier.net/c/goods/toyookawallet/WST01GS,牛革,ユニセックス|メンズ|レディース|普段使い|ギフト,FALSE,FALSE,FALSE,FALSE,FALSE,TRUE,在庫あり
マスミ鞄嚢株式会社,WST01NC,二つ折りカードウォレット ノブレッサ,39600,,小物：名刺入れ、カード入れ,,,オレンジ|ゴールド|ジーンブルー|ネイビー,METALLIC|ORANGE|NAVY|BLUE,天然皮革・本革,W90×H100×D15mm,約60g,きめ細かい上品な型押しが特徴。ドイツ製上質皮革を使用した2つ折り財布。,-,-,-,-,-,-,-,-,https://artisan.itembox.cloud/product/011/000000001166/000000001166-09.jpg?size=l&w=ODAw&t=20230428172432,https://shop.artisan-atelier.net/c/goods/toyookawallet/WST01NC,牛革,ユニセックス|メンズ|レディース|普段使い|ギフト,FALSE,FALSE,FALSE,FALSE,FALSE,TRUE,在庫あり
マスミ鞄嚢株式会社,ZCD02NC,ウォレットインカードホルダー,9900,,財布：コンパクト財布,,,イエロー|オレンジ|グリーン|ゴールド|ジーンブルー|ネイビー|ブラック|レッド,METALLIC|ORANGE|YELLOW|RED|GREEN|NAVY|BLUE|BLACK,天然皮革・本革,W75×H140×D3mm,約40g,長財布・鞄・ポケットに収まる、ドイツ製カーフのコンパクトカードケース。,-,-,-,-,-,-,-,-,https://artisan.itembox.cloud/product/013/000000001360/000000001360-08.jpg?size=l&w=ODAw&t=20250627131919,https://shop.artisan-atelier.net/c/goods/toyookawallet/ZCD02NC,牛革,ユニセックス|メンズ|レディース|普段使い|ギフト,FALSE,FALSE,FALSE,FALSE,FALSE,TRUE,在庫あり
マスミ鞄嚢株式会社,ZKY02,三つ折りキーケース シュリンク,17380,,小物：キーケース・キーホルダー,,,オレンジ|ジーンブルー|ライトグレー|レッド,ORANGE|RED|BLUE|GRAY,天然皮革・本革,W65×H110×D20mm,約100g,オーソドックスでシンプルなデザイン。ドイツ製シュリンクレザーのキーケース。,-,-,-,-,-,-,-,-,https://artisan.itembox.cloud/product/009/000000000902/000000000902-01.jpg?size=l&w=ODAw&t=20211119175604,https://shop.artisan-atelier.net/c/goods/toyookawallet/ZKY02,牛革,ユニセックス|メンズ|レディース|普段使い|ギフト,FALSE,FALSE,FALSE,FALSE,FALSE,TRUE,在庫あり
有限会社クラフト,G-01,GROW 育てる鞄 AGING TOTE,79900,,鞄：トート,,,アイボリー|チョコ|ナチュラル|ブラック,WHITE|BLACK|BROWN|BEIGE,天然皮革・本革,W380×H280×D80mm,約1300g,長く寄り添う鞄を。豊岡・柳行李の伝統と特性を受け継ぎ、こだわりの革と素材で作り上げた逸品。,-,-,-,-,-,-,-,-,https://artisan.itembox.cloud/product/008/000000000857/000000000857-09.jpg?size=l&w=ODAw&t=20210927170823,https://shop.artisan-atelier.net/c/bag/toyooka_kaban/G-01,牛革,ユニセックス|メンズ|レディース|普段使い,FALSE,FALSE,FALSE,FALSE,FALSE,TRUE,在庫あり
有限会社クラフト,G-01ftB,GROW 育てる鞄 AGING TOTE for the Blue,79900,,鞄：トート,,,オーシャンブルー|ディープブルー,BLUE,天然皮革・本革,W380×H280×D80mm,約1100g,長く寄り添う鞄を。豊岡・柳行李の伝統と特性を受け継ぎ、こだわりの革と素材で作り上げた逸品。,-,-,-,-,-,-,-,-,https://artisan.itembox.cloud/product/008/000000000853/000000000853-07.jpg?size=l&w=ODAw&t=20241026121431,https://shop.artisan-atelier.net/c/bag/toyooka_kaban/G-01ftB,牛革,ユニセックス|メンズ|レディース|普段使い,FALSE,FALSE,FALSE,FALSE,FALSE,TRUE,在庫あり
株式会社タカアキ,OTR0001,RANSTA 大人用ランドセル,74800,,鞄：ランドセル,,,キャメル|ネイビー|ブラウン|ブラック,NAVY|BLACK|BROWN,人工・合成皮革,W290×H380×D150mm,約1440g,収納性が高く合理的なランドセルを、丁寧な縫製で綺麗なフォルムに仕上げた大人ランドセル。,-,-,-,-,-,-,-,-,https://artisan.itembox.cloud/product/008/000000000889/000000000889-11.jpg?size=l&w=ODAw&t=20211104200609,https://shop.artisan-atelier.net/c/bag/toyooka_kaban/OTR0001,合成皮革|撥水|ボトル収納|タブレット収納|13-14インチPC収納|A4収納,ユニセックス|メンズ|レディース|普段使い|ビジネス,FALSE,FALSE,FALSE,FALSE,FALSE,TRUE,在庫あり
株式会社タカアキ,OTR0002,RANSTA 大人用ランドセル 樽仕込み,85800,,鞄：ランドセル,,,グリーン,GREEN,人工・合成皮革,W290×H380×D150mm,約1440g,細やかで美しいシボ、綺麗なステッチライン。機能的仕様も嬉しいスタイリッシュランドセル。,-,-,-,-,-,-,-,-,https://artisan.itembox.cloud/product/008/000000000888/000000000888-01.jpg?size=l&w=ODAw&t=20211104201246,https://shop.artisan-atelier.net/c/bag/toyooka_kaban/OTR0002,合成皮革|撥水|ボトル収納|タブレット収納|13-14インチPC収納|A4収納,ユニセックス|メンズ|レディース|普段使い|ビジネス,FALSE,FALSE,FALSE,FALSE,FALSE,TRUE,在庫あり
フィードバッグ,FB007,牛革ラウンドファスナー長財布,26400,,財布：長財布,,,グリーン|ダークブラウン|ネイビー|パープル|ピンク|ブラウン|ブラック|ブルー（シュリンク）|マスタード|ミント|ライトグリーン|レッド|ローズピンク（シュリンク）|ワイン,PURPLE|PINK|YELLOW|RED|GREEN|NAVY|BLUE|BLACK|BROWN,天然皮革・本革,W210×H100×D20mm,約190g,味わい深い革の魅力を活かす仕上がり。作りも凝った個性派ブランドの渾身作。,-,-,-,-,-,-,-,-,https://artisan.itembox.cloud/product/010/000000001056/000000001056-13.jpg?size=l&w=ODAw&t=20221017144022,https://shop.artisan-atelier.net/c/goods/toyookawallet/FB007,牛革,ユニセックス|メンズ|レディース|普段使い|ギフト,FALSE,FALSE,TRUE,FALSE,FALSE,TRUE,在庫あり
フィードバッグ,FB0071,牛革ラウンドファスナー長財布（金・銀箔）,35200,,財布：長財布,,,ゴールド|シルバー,METALLIC,天然皮革・本革,W210×H100×D20mm,約190g,職人の手作業による絞り加工と箔加工、一点モノの最高傑作。,-,-,-,-,-,-,-,-,https://artisan.itembox.cloud/product/010/000000001054/000000001054-07.jpg?size=l&w=ODAw&t=20221017112220,https://shop.artisan-atelier.net/c/goods/toyookawallet/FB0071,牛革,ユニセックス|メンズ|レディース|普段使い|ギフト,FALSE,FALSE,FALSE,FALSE,FALSE,TRUE,在庫あり
フィードバッグ,FB008,メッシュ牛革ラウンドファスナー長財布,26400,,財布：長財布,,,カーキ|ダークブラウン|ブラウン|ブラック|ホワイト|マスタード|レッド,YELLOW|RED|GREEN|WHITE|BLACK|BROWN,天然皮革・本革,W210×H100×D20mm,約210g,時間をかけてオイル仕上げ。魅惑の編み込みメッシュ型押しレザー。,-,-,-,-,-,-,-,-,https://artisan.itembox.cloud/product/010/000000001066/000000001066-01.jpg?size=l&w=ODAw&t=20221028095347,https://shop.artisan-atelier.net/c/goods/toyookawallet/FB008,牛革,ユニセックス|メンズ|レディース|普段使い|ギフト,FALSE,FALSE,FALSE,FALSE,FALSE,TRUE,在庫あり
フィードバッグ,FB009,牛革ラウンドファスナー長財布,19800,,財布：長財布,,,オレンジ|グレージュ|ネイビーグリーン|ブラウン|ブラック|ベージュ|レッド,ORANGE|RED|GREEN|NAVY|GRAY|BLACK|BROWN|BEIGE,天然皮革・本革,W210×H100×D20mm,約190g,フィードバッグの新作長財布は、程良くムラのある植物タンニン鞣しの革仕様。,-,-,-,-,-,-,-,-,https://artisan.itembox.cloud/product/013/000000001357/000000001357-13.jpg?size=l&w=ODAw&t=20250618105739,https://shop.artisan-atelier.net/c/goods/toyookawallet/FB009,牛革,ユニセックス|メンズ|レディース|普段使い|ギフト,FALSE,FALSE,FALSE,FALSE,FALSE,TRUE,在庫あり
フィードバッグ,FB030,レッザボタニカ 牛革ラウンドファスナー長財布,29700,,財布：長財布,,,グリーン|ワイン,RED|GREEN,天然皮革・本革,W210×H100×D20mm,約200g,FEED BAGの定番人気長財布が、自然素材の鞣し革でさらに個性的に。,-,-,-,-,-,-,-,-,https://artisan.itembox.cloud/product/010/000000001057/000000001057-07.jpg?size=l&w=ODAw&t=20221017163923,https://shop.artisan-atelier.net/c/goods/toyookawallet/FB030,牛革,ユニセックス|メンズ|レディース|普段使い|ギフト,FALSE,FALSE,FALSE,FALSE,FALSE,TRUE,在庫あり
フィードバッグ,FB031,レッザボタニカ 牛革ラウンドファスナー長財布 ステッチ無し,29700,,財布：長財布,,,グリーン|ワイン,RED|GREEN,天然皮革・本革,W210×H100×D20mm,約200g,ステッチの無いレッザボタニカ特別モデル。シンプルな見た目とは裏腹に充実の内装機能に驚き。,-,-,-,-,-,-,-,-,https://artisan.itembox.cloud/product/010/000000001058/000000001058-08.jpg?size=l&w=ODAw&t=20221017165413,https://shop.artisan-atelier.net/c/goods/toyookawallet/FB031,牛革,ユニセックス|メンズ|レディース|普段使い|ギフト,FALSE,FALSE,FALSE,FALSE,FALSE,TRUE,在庫あり
フィードバッグ,FB032,レッザボタニカ 牛革L字ファスナー長財布,24200,,財布：長財布,,,グリーン|ワイン,RED|GREEN,天然皮革・本革,W200×H100×D20mm,約140g,自然由来の鞣し革を使用した、コンパクトなL字ジップロングウォレット。,-,-,-,-,-,-,-,-,https://artisan.itembox.cloud/product/010/000000001059/000000001059-08.jpg?size=l&w=ODAw&t=20221017172403,https://shop.artisan-atelier.net/c/goods/toyookawallet/FB032,牛革,ユニセックス|メンズ|レディース|普段使い|ギフト,FALSE,FALSE,FALSE,FALSE,FALSE,TRUE,在庫あり
フィードバッグ,FB100,火山灰染めトートバッグ,29700,,鞄：トート,,,火山灰|火山灰／墨,BROWN,帆布・織物,W320×H370×D90mm,約500g,ハンドメイド仕上げの味わいは唯一無二。A4収納縦型トートバッグ。,-,-,-,-,-,-,-,-,https://artisan.itembox.cloud/product/010/000000001069/000000001069-08.jpg?size=l&w=ODAw&t=20221121111038,https://shop.artisan-atelier.net/c/bag/toyooka_kaban/FB100,帆布|軽量|ボトル収納|タブレット収納|13-14インチPC収納|A4収納,ユニセックス|メンズ|レディース|普段使い|旅行,FALSE,FALSE,TRUE,TRUE,FALSE,TRUE,在庫あり
フィードバッグ,FB101,火山灰染めトートバッグ,29700,,鞄：トート,,,火山灰|火山灰／墨,BROWN,帆布・織物,W420×H300×D90mm,約500g,火山灰を揉み込み、何度も洗い加工して仕上げた傑作。小旅行に最適な横型トート。,-,-,-,-,-,-,-,-,https://artisan.itembox.cloud/product/010/000000001070/000000001070-15.jpg?size=l&w=ODAw&t=20250404171904,https://shop.artisan-atelier.net/c/bag/toyooka_kaban/FB101,帆布|軽量|ボトル収納|タブレット収納|13-14インチPC収納|15-16インチPC収納|A4収納|B4収納,ユニセックス|メンズ|レディース|普段使い|旅行,FALSE,FALSE,TRUE,TRUE,FALSE,TRUE,在庫あり
フィードバッグ,FB102,火山灰染め舟型ショルダーバッグ,29700,,鞄：ショルダー,,,火山灰|火山灰／墨,BROWN,帆布・織物,W280×H260×D110mm,約650g,目を引く味のある風合い。収納性が高い舟型タイプは、いろんなシーンで活躍。,-,-,-,-,-,-,-,-,https://artisan.itembox.cloud/product/010/000000001071/000000001071-08.jpg?size=l&w=ODAw&t=20221121112939,https://shop.artisan-atelier.net/c/bag/toyooka_kaban/FB102,帆布|軽量|ボトル収納|タブレット収納,ユニセックス|メンズ|レディース|普段使い,FALSE,FALSE,FALSE,FALSE,FALSE,TRUE,在庫あり
フィードバッグ,FB103,火山灰染め2つ折れショルダーバッグ,38500,,鞄：ショルダー,,,火山灰|火山灰／墨,BROWN,帆布・織物,W370×H370×D100mm,約700g,こだわりと機能性・収納性を兼ね備えた、口折れ型の火山灰染め帆布ショルダー。,-,-,-,-,-,-,-,-,https://artisan.itembox.cloud/product/010/000000001072/000000001072-09.jpg?size=l&w=ODAw&t=20250404172336,https://shop.artisan-atelier.net/c/bag/toyooka_kaban/FB103,帆布|軽量|ボトル収納|タブレット収納,ユニセックス|メンズ|レディース|普段使い,FALSE,FALSE,FALSE,FALSE,FALSE,TRUE,在庫あり
フィードバッグ,FB104,火山灰染めカブセショルダーバッグ,35200,,鞄：ショルダー,,,火山灰|火山灰／墨,BROWN,帆布・織物,W280×H220×D100mm,約650g,豊岡ならではの職人仕上げ。味のある手染め帆布と牛革の見事な組み合わせで、味わい豊かなショルダーバッグ。,-,-,-,-,-,-,-,-,https://artisan.itembox.cloud/product/010/000000001073/000000001073-08.jpg?size=l&w=ODAw&t=20221121114124,https://shop.artisan-atelier.net/c/bag/toyooka_kaban/FB104,帆布|軽量|ボトル収納|タブレット収納,ユニセックス|メンズ|レディース|普段使い,FALSE,FALSE,TRUE,TRUE,FALSE,TRUE,在庫あり
フィードバッグ,FB105,火山灰染めA4サイズトートバッグ,26400,,鞄：トート,,,火山灰|火山灰／墨,BROWN,帆布・織物,W260×H330×D70mm,約250g,手間暇かけたこだわり製法。A4のクリアファイル＋小物を収めるサイズ。,-,-,-,-,-,-,-,-,https://artisan.itembox.cloud/product/010/000000001074/000000001074-08.jpg?size=l&w=ODAw&t=20221121114652,https://shop.artisan-atelier.net/c/bag/toyooka_kaban/FB105,帆布|軽量|ボトル収納|タブレット収納|13-14インチPC収納|A4収納,ユニセックス|メンズ|レディース|普段使い,FALSE,FALSE,FALSE,FALSE,FALSE,TRUE,在庫あり
フィードバッグ,FB106,火山灰染めラウンドファスナー長財布,24200,,財布：長財布,,,火山灰|火山灰／墨,BROWN,帆布・織物,W210×H100×D30mm,約190g,唯一無二の風合い。火山灰と山土を使用し、手間暇かけて仕上げた帆布財布。,-,-,-,-,-,-,-,-,https://artisan.itembox.cloud/product/010/000000001076/000000001076-10.jpg?size=l&w=ODAw&t=20250404172559,https://shop.artisan-atelier.net/c/goods/toyookawallet/FB106,帆布,ユニセックス|メンズ|レディース|普段使い,TRUE,FALSE,TRUE,TRUE,FALSE,TRUE,在庫あり
フィードバッグ,FB150,牛革コインケース,3960,,小物：コインケース,,,オレンジ|キャメル|ダークブラウン|ダークブラウン型押クロコ|ブラウン|ブラック|ブラック型押エナメル,ORANGE|BLACK|BROWN,天然皮革・本革,W75×H10×D75mm,約30g,手にしっくり馴染む革とサイズ感。遊び心のある個性的なコインケース。,-,-,-,-,-,-,-,-,https://artisan.itembox.cloud/product/010/000000001068/000000001068-06.jpg?size=l&w=ODAw&t=20221028112649,https://shop.artisan-atelier.net/c/goods/toyookagoods/FB150,牛革,ユニセックス|メンズ|レディース|普段使い|ギフト,FALSE,FALSE,FALSE,FALSE,FALSE,TRUE,在庫あり
フィードバッグ,FB151,レッザボタニカ 牛革コインケース,4950,,小物：コインケース,,,グリーン|ワイン,RED|GREEN,天然皮革・本革,W75×H10×D75mm,約30g,環境に優しい鞣し方で表情豊かな革。遊び心のある個性的なコインケース。,-,-,-,-,-,-,-,-,https://artisan.itembox.cloud/product/010/000000001060/000000001060-06.jpg?size=l&w=ODAw&t=20221017201948,https://shop.artisan-atelier.net/c/goods/toyookagoods/FB151,牛革,ユニセックス|メンズ|レディース|普段使い|ギフト,FALSE,FALSE,FALSE,FALSE,FALSE,TRUE,在庫あり
藤原弘子,YF-KA,フラワー,44000,,鞄：その他鞄,,,キナリ|柳染め|柳染めグラデーション,GREEN|WHITE,その他,,,,-,-,-,-,-,-,-,-,https://shop.artisan-atelier.net/images/whats_toyookakaban.png,,柳,レディース|普段使い,FALSE,FALSE,FALSE,FALSE,FALSE,TRUE,在庫あり
株式会社服部,56-1010,KANEDAITO RVKショルダーS,20900,,鞄：ショルダー,,,グレー|ブルー|ベージュ,BLUE|GRAY|BEIGE,合成繊維,,,,-,-,-,-,-,-,-,-,https://shop.artisan-atelier.net/images/whats_toyookakaban.png,,漁網ナイロン|軽量|ボトル収納|タブレット収納,メンズ|普段使い|旅行|街歩き,FALSE,FALSE,FALSE,FALSE,FALSE,TRUE,在庫あり
株式会社服部,56-1011,KANEDAITO RVKショルダーM,23100,,鞄：ショルダー,,,グレー|ブルー|ベージュ,BLUE|GRAY|BEIGE,合成繊維,,,,-,-,-,-,-,-,-,-,https://shop.artisan-atelier.net/images/whats_toyookakaban.png,,漁網ナイロン|軽量|ボトル収納|タブレット収納,メンズ|普段使い|旅行|街歩き,FALSE,FALSE,FALSE,FALSE,FALSE,TRUE,在庫あり
株式会社服部,56-3010,KANEDAITO BNKタテ型ダレスリュック,49500,,鞄：ダレス,,,アイボリー|グレー|ブラック|ベージュ|レンガ,GRAY|WHITE|BLACK|BEIGE,人工・合成皮革,,,,-,-,-,-,-,-,-,-,https://shop.artisan-atelier.net/images/whats_toyookakaban.png,,合成皮革|撥水|ボトル収納|タブレット収納|13-14インチPC収納|15-16インチPC収納|A4収納,ユニセックス|メンズ|レディース|普段使い|ビジネス,FALSE,FALSE,FALSE,FALSE,FALSE,TRUE,在庫あり
株式会社服部,56-3011,KANEDAITO BNKヨコ型ダレスリュック,55000,,鞄：ダレス,,,アイボリー|グレー|ブラック|ベージュ|レンガ,GRAY|WHITE|BLACK|BEIGE,人工・合成皮革,,,,-,-,-,-,-,-,-,-,https://shop.artisan-atelier.net/images/whats_toyookakaban.png,,合成皮革|撥水|ボトル収納|タブレット収納|13-14インチPC収納|15-16インチPC収納|A4収納,ユニセックス|メンズ|レディース|普段使い|ビジネス,FALSE,FALSE,FALSE,FALSE,FALSE,TRUE,在庫あり
衣川産業株式会社,52195,Stitch-on ワンショルダー,14300,,鞄：ボディ・ウエスト,,,グリーン|ベージュ,GREEN|BEIGE,帆布・織物,W180xH310xD90mm,約480g,大きめサイズ、ポケット豊富で機能的。シワ感が味のある帆布ワンショルダー。,-,-,-,-,-,-,-,-,https://artisan.itembox.cloud/product/010/000000001003/000000001003-01.jpg?size=l&w=ODAw&t=20220629171438,https://shop.artisan-atelier.net/c/bag/toyooka_kaban/52195,帆布|軽量|ボトル収納,メンズ|普段使い|旅行|街歩き,FALSE,FALSE,FALSE,FALSE,FALSE,TRUE,在庫あり
衣川産業株式会社,52214,Stitch-on オーガニックコットン 縦型ショルダーS,14850,,鞄：ショルダー,,,エクリュ,WHITE,帆布・織物,W190×H240×D90mm,約450g,長財布、スマホ、A5手帳等を収納。デニムの本場で加工されたオーガニックコットンのミニショルダー。,-,-,-,-,-,-,-,-,https://artisan.itembox.cloud/product/011/000000001188/000000001188-07.jpg?size=l&w=ODAw&t=20230714093507,https://shop.artisan-atelier.net/c/bag/toyooka_kaban/52214,帆布|軽量|ボトル収納,ユニセックス|メンズ|レディース|普段使い|旅行|街歩き,FALSE,FALSE,FALSE,FALSE,FALSE,TRUE,在庫あり
衣川産業株式会社,52215,Stitch-on オーガニックコットン 横型ショルダーL,17600,,鞄：ショルダー,,,エクリュ,WHITE,帆布・織物,W310×H240×D120mm,約630g,マチが広くタップリ収納。使いつつ味が出るコットン横型ショルダー。,-,-,-,-,-,-,-,-,https://artisan.itembox.cloud/product/011/000000001189/000000001189-08.jpg?size=l&w=ODAw&t=20230714093710,https://shop.artisan-atelier.net/c/bag/toyooka_kaban/52215,帆布|軽量|ボトル収納|タブレット収納,ユニセックス|メンズ|レディース|普段使い|旅行|街歩き,FALSE,FALSE,FALSE,FALSE,FALSE,TRUE,在庫あり
衣川産業株式会社,52310,ARMY CANVAS ミニトート,16500,,鞄：トート,,,カーキ|グレー|レッド,RED|GREEN|GRAY,帆布・織物,W310×H240×D120mm,約240g,シンプルに素材の風合いを生かした、ベーシックなミニサイズトート。,-,-,-,-,-,-,-,-,https://artisan.itembox.cloud/product/015/000000001542/000000001542-14.jpg?size=l&w=ODAw&t=20260808144813,https://shop.artisan-atelier.net/c/bag/toyooka_kaban/52310,帆布|軽量|ボトル収納|タブレット収納|コンパクト,ユニセックス|メンズ|レディース|普段使い|旅行|街歩き,FALSE,FALSE,FALSE,FALSE,FALSE,TRUE,在庫あり
衣川産業株式会社,52312,ARMY CANVAS サコッシュ,13200,,鞄：ミニショルダー・ポーチ,,,カーキ|グレー|レッド,RED|GREEN|GRAY,帆布・織物,W220×H190×D80mm,約200g,小物を入れてお出掛け。味のあるロウ引き帆布のカジュアルショルダー。,-,-,-,-,-,-,-,-,https://artisan.itembox.cloud/product/015/000000001539/000000001539-10.jpg?size=l&w=ODAw&t=20260808142038,https://shop.artisan-atelier.net/c/bag/toyooka_kaban/52312,帆布|軽量|コンパクト,ユニセックス|メンズ|レディース|普段使い|旅行|街歩き,FALSE,FALSE,FALSE,FALSE,FALSE,TRUE,在庫あり
衣川産業株式会社,60485,BERMAS COMMUTE 横型トート,15400,,鞄：トート,,,ブラック,BLACK,帆布・織物,W410×H340×D100mm,約680g,通勤通学に活躍必至、たっぷり収納タウントート。,-,-,-,-,-,-,-,-,https://artisan.itembox.cloud/product/008/000000000883/000000000883-11.jpg?size=l&w=ODAw&t=20211105132032,https://shop.artisan-atelier.net/c/bag/toyooka_kaban/60485,合成皮革|ボトル収納|タブレット収納|13-14インチPC収納|15-16インチPC収納|A4収納|B4収納,ユニセックス|メンズ|レディース|普段使い|旅行|街歩き,FALSE,FALSE,FALSE,FALSE,FALSE,TRUE,在庫あり
衣川産業株式会社,60488,BERMAS COMMUTE ミニトート,13200,,鞄：トート,,,マスタード,YELLOW,帆布・織物,W370×H300×D80mm,約600g,コンパクトなA4サイズ。大人気BERMAS（バーマス）のオールラウンドトート。,-,-,-,-,-,-,-,-,https://artisan.itembox.cloud/product/008/000000000882/000000000882-16.jpg?size=l&w=ODAw&t=20211105105644,https://shop.artisan-atelier.net/c/bag/toyooka_kaban/60486,合成皮革|ボトル収納|タブレット収納|コンパクト,ユニセックス|メンズ|レディース|普段使い|旅行|街歩き,FALSE,FALSE,FALSE,FALSE,FALSE,TRUE,在庫あり
衣川産業株式会社,60489,BERMAS COMMUTE ドライビングトート,13200,,鞄：トート,,,イエロー|スカイブルー|ネイビー|ブラック,YELLOW|NAVY|BLUE|BLACK,帆布・織物,W330×H380×D110mm,約740g,ノート、ドリンク、タブレット等を、スッキリ美しく収納できる縦型トート。,-,-,-,-,-,-,-,-,https://artisan.itembox.cloud/product/008/000000000884/000000000884-20.jpg?size=l&w=ODAw&t=20250812081820,https://shop.artisan-atelier.net/c/bag/toyooka_kaban/60487,合成皮革|ボトル収納|タブレット収納|コンパクト,ユニセックス|メンズ|レディース|普段使い|旅行|街歩き,FALSE,FALSE,FALSE,FALSE,FALSE,TRUE,在庫あり
衣川産業株式会社,60604,BERMAS COMMUTE　新 横型トート,16500,,鞄：トート,,,エクリュ|カーキ|ネイビー|ブラック|ライトグレー,GREEN|NAVY|GRAY|WHITE|BLACK,帆布・織物,,,,-,-,-,-,-,-,-,-,https://shop.artisan-atelier.net/images/whats_toyookakaban.png,,合成皮革|ボトル収納|タブレット収納|13-14インチPC収納|15-16インチPC収納|A4収納,ユニセックス|メンズ|レディース|普段使い|旅行|街歩き,FALSE,FALSE,FALSE,FALSE,FALSE,TRUE,在庫あり
衣川産業株式会社,60605,BERMAS COMMUTE　新 横型トート天ファスナー,16500,,鞄：トート,,,エクリュ|カーキ|ネイビー|ブラック|ライトグレー,GREEN|NAVY|GRAY|WHITE|BLACK,帆布・織物,,,,-,-,-,-,-,-,-,-,https://shop.artisan-atelier.net/images/whats_toyookakaban.png,,合成皮革|ボトル収納|タブレット収納|13-14インチPC収納|15-16インチPC収納|A4収納,ユニセックス|メンズ|レディース|普段使い|旅行|街歩き,FALSE,FALSE,FALSE,FALSE,FALSE,TRUE,在庫あり
衣川産業株式会社,60606,BERMAS COMMUTE　新 縦型トート天ファスナー,18700,,鞄：トート,,,エクリュ|カーキ|ネイビー|ブラック|ライトグレー,GREEN|NAVY|GRAY|WHITE|BLACK,帆布・織物,,,,-,-,-,-,-,-,-,-,https://shop.artisan-atelier.net/images/whats_toyookakaban.png,,合成皮革|ボトル収納|タブレット収納|13-14インチPC収納|15-16インチPC収納|A4収納,ユニセックス|メンズ|レディース|普段使い|旅行|街歩き,FALSE,FALSE,FALSE,FALSE,FALSE,TRUE,在庫あり
衣川産業株式会社,60607,BERMAS COMMUTE　新ドライビングトート,14300,,鞄：トート,,,エクリュ|カーキ|ネイビー|ブラック|ライトグレー,GREEN|NAVY|GRAY|WHITE|BLACK,帆布・織物,W250×H220×D120mm,約300g,小さくてもポケット豊富で機能的。2STYLE楽しめるミニトートの新仕様。,-,-,-,-,-,-,-,-,https://artisan.itembox.cloud/product/014/000000001446/000000001446-13.jpg?size=l&w=ODAw&t=20260204162850,https://shop.artisan-atelier.net/c/bag/toyooka_kaban/60607,合成皮革|ボトル収納|タブレット収納|コンパクト,ユニセックス|メンズ|レディース|普段使い|旅行|街歩き,FALSE,FALSE,FALSE,FALSE,FALSE,TRUE,在庫あり
エンドー鞄株式会社,1-053,頑-かたくな- 名刺入れ,3080,嘉玄,小物：名刺入れ、カード入れ,,,キャメル|クロ|チョコ,BLACK|BROWN,天然皮革・本革,,,,-,-,-,-,-,-,-,-,https://shop.artisan-atelier.net/img/toyookawallet.svg,,,,FALSE,FALSE,FALSE,FALSE,FALSE,TRUE,取寄せ
エンドー鞄株式会社,1-055,頑-かたくな- ペンケース,1980,嘉玄,小物：その他小物,,,キャメル|クロ|チョコ,BLACK|BROWN,天然皮革・本革,,,,-,-,-,-,-,-,-,-,https://shop.artisan-atelier.net/img/toyookawallet.svg,,,,FALSE,FALSE,FALSE,FALSE,FALSE,TRUE,取寄せ
エンドー鞄株式会社,1-056,靭-じん- 一斗レザートート,52800,嘉玄,鞄：トート,,,キャメル|クロ,BLACK|BROWN,天然皮革・本革,,,,-,-,-,-,-,-,-,-,https://shop.artisan-atelier.net/images/whats_toyookakaban.png,,,,FALSE,FALSE,FALSE,FALSE,FALSE,TRUE,取寄せ
エンドー鞄株式会社,1-057,靭-じん- 六升レザートート,41800,嘉玄,鞄：トート,,,キャメル|クロ,BLACK|BROWN,天然皮革・本革,,,,-,-,-,-,-,-,-,-,https://shop.artisan-atelier.net/images/whats_toyookakaban.png,,,,FALSE,FALSE,FALSE,FALSE,FALSE,TRUE,取寄せ
エンドー鞄株式会社,1-140,財-たから- 筒形コインケース,5280,嘉玄,小物：コインケース,,,クロ|チョコ|テラコッタ,RED|BLACK|BROWN,天然皮革・本革,,,,-,-,-,-,-,-,-,-,https://shop.artisan-atelier.net/img/toyookawallet.svg,,,,FALSE,FALSE,FALSE,FALSE,FALSE,TRUE,取寄せ
エンドー鞄株式会社,1-141,財-たから- Lジップコインケース,8030,嘉玄,小物：コインケース,,,クロ|チョコ|テラコッタ,RED|BLACK|BROWN,天然皮革・本革,,,,-,-,-,-,-,-,-,-,https://shop.artisan-atelier.net/img/toyookawallet.svg,,,,FALSE,FALSE,FALSE,FALSE,FALSE,TRUE,取寄せ
エンドー鞄株式会社,1-142,財-たから- ラウンド財布,18700,嘉玄,財布：コンパクト財布,,,クロ|チョコ|テラコッタ,RED|BLACK|BROWN,天然皮革・本革,,,,-,-,-,-,-,-,-,-,https://shop.artisan-atelier.net/img/toyookawallet.svg,,,,FALSE,FALSE,FALSE,FALSE,FALSE,TRUE,取寄せ
エンドー鞄株式会社,1-143,財-たから- 二つ折り長財布,19800,嘉玄,財布：長財布,,,クロ|チョコ|テラコッタ,RED|BLACK|BROWN,天然皮革・本革,,,,-,-,-,-,-,-,-,-,https://shop.artisan-atelier.net/img/toyookawallet.svg,,,,FALSE,FALSE,FALSE,FALSE,FALSE,TRUE,取寄せ
エンドー鞄株式会社,1-144,財-たから- ラウンド長財布,20900,嘉玄,財布：長財布,,,クロ|チョコ|テラコッタ,RED|BLACK|BROWN,天然皮革・本革,,,,-,-,-,-,-,-,-,-,https://shop.artisan-atelier.net/img/toyookawallet.svg,,,,FALSE,FALSE,FALSE,FALSE,FALSE,TRUE,取寄せ
エンドー鞄株式会社,1-145,財-たから- コンパクト財布,17600,嘉玄,財布：コンパクト財布,,,チョコ|テラコッタ|ネイビー|ブラック,RED|NAVY|BLACK|BROWN,天然皮革・本革,,,,-,-,-,-,-,-,-,-,https://shop.artisan-atelier.net/img/toyookawallet.svg,,,,FALSE,FALSE,FALSE,FALSE,FALSE,TRUE,取寄せ
エンドー鞄株式会社,1-146,財-たから- スマホポシェット,14300,嘉玄,鞄：ミニショルダー・ポーチ,,,チョコ|テラコッタ|ネイビー|ブラック,RED|NAVY|BLACK|BROWN,天然皮革・本革,,,,-,-,-,-,-,-,-,-,https://shop.artisan-atelier.net/images/whats_toyookakaban.png,,,,FALSE,FALSE,FALSE,FALSE,FALSE,TRUE,取寄せ
エンドー鞄株式会社,1-150,壊-かい- サコッシュ縦,12100,嘉玄,鞄：ミニショルダー・ポーチ,,,カーキ|カラシ|グレージュ|ネイビー,YELLOW|GREEN|NAVY|GRAY|BEIGE,帆布・織物,W150×H210×D40mm,約120g,スマホ、カード、キーケースを収納。ナチュラルなユニカジュアルをご提案。,-,-,-,-,-,-,-,-,https://artisan.itembox.cloud/product/009/000000000916/000000000916-07.jpg?size=l&w=ODAw&t=20211222162524,https://shop.artisan-atelier.net/c/bag/toyooka_kaban/1-150,帆布|コンパクト,ユニセックス|メンズ|レディース|普段使い|旅行|街歩き,FALSE,FALSE,FALSE,FALSE,FALSE,TRUE,在庫あり
エンドー鞄株式会社,1-151,壊-かい- サコッシュカブセ,12100,嘉玄,鞄：ミニショルダー・ポーチ,,,カーキ|カラシ|グレージュ|ネイビー,YELLOW|GREEN|NAVY|GRAY|BEIGE,帆布・織物,W250×H180×D50mm,約160g,帆布と牛革の相性抜群。ナチュラル派のカジュアルサコッシュ。,-,-,-,-,-,-,-,-,https://artisan.itembox.cloud/product/009/000000000917/000000000917-06.jpg?size=l&w=ODAw&t=20211222163328,https://shop.artisan-atelier.net/c/bag/toyooka_kaban/1-151,帆布|コンパクト,ユニセックス|メンズ|レディース|普段使い|旅行|街歩き,FALSE,FALSE,FALSE,FALSE,FALSE,TRUE,在庫あり
エンドー鞄株式会社,1-152,壊-かい- サコッシュ横,13200,嘉玄,鞄：ミニショルダー・ポーチ,,,カーキ|カラシ|グレージュ|ネイビー,YELLOW|GREEN|NAVY|GRAY|BEIGE,帆布・織物,W280×H210×D40mm,約140g,お散歩や旅行のお供に丁度良いサイズのカジュアルサコッシュ。,-,-,-,-,-,-,-,-,https://artisan.itembox.cloud/product/009/000000000918/000000000918-08.jpg?size=l&w=ODAw&t=20211222163542,https://shop.artisan-atelier.net/c/bag/toyooka_kaban/1-152,帆布|コンパクト,ユニセックス|メンズ|レディース|普段使い|旅行|街歩き,FALSE,FALSE,FALSE,FALSE,FALSE,TRUE,在庫あり
エンドー鞄株式会社,7-010,Regale Brid リュック,26400,嘉玄,鞄：リュック・デイパック,,,グレー|クロ|ネイビー,NAVY|GRAY|BLACK,人工・合成皮革,W270×H390×D90mm,約900g,ベストな素材を適所に駆使。スマートな見た目に、軽さと背負い心地をプラス。,-,-,-,-,-,-,-,-,https://artisan.itembox.cloud/product/011/000000001138/000000001138-06.jpg?size=l&w=ODAw&t=20230208142335,,合成皮革|ボトル収納|タブレット収納|13-14インチPC収納|A4収納,ユニセックス|メンズ|レディース|普段使い|ビジネス,FALSE,FALSE,FALSE,FALSE,FALSE,TRUE,在庫あり
エンドー鞄株式会社,7-011,Regale Brid ブリーフ,30800,嘉玄,鞄：ビジネス・フォーマル,,,クロ|ネイビー,NAVY|BLACK,人工・合成皮革,,,,-,-,-,-,-,-,-,-,https://shop.artisan-atelier.net/images/whats_toyookakaban.png,,,,FALSE,FALSE,FALSE,FALSE,FALSE,TRUE,取寄せ
エンドー鞄株式会社,7-200,FIBER Chitose 縦ショルダー,17600,嘉玄,鞄：ショルダー,,,グリーン|ネイビー|ピンク|ブラック|レッド,PINK|RED|GREEN|NAVY|BLACK,その他,,,,-,-,-,-,-,-,-,-,https://shop.artisan-atelier.net/images/whats_toyookakaban.png,,,,FALSE,FALSE,FALSE,FALSE,FALSE,TRUE,取寄せ
エンドー鞄株式会社,7-201,FIBER Chitose 横ショルダー,17600,嘉玄,鞄：ショルダー,,,グリーン|ネイビー|ピンク|ブラック|レッド,PINK|RED|GREEN|NAVY|BLACK,その他,,,,-,-,-,-,-,-,-,-,https://shop.artisan-atelier.net/images/whats_toyookakaban.png,,,,FALSE,FALSE,FALSE,FALSE,FALSE,TRUE,取寄せ
エンドー鞄株式会社,7-203,FIBER Chitose リュック,22000,嘉玄,鞄：リュック・デイパック,,,グリーン|ネイビー|ピンク|ブラック|レッド,PINK|RED|GREEN|NAVY|BLACK,その他,,,,-,-,-,-,-,-,-,-,https://shop.artisan-atelier.net/images/whats_toyookakaban.png,,,,FALSE,FALSE,FALSE,FALSE,FALSE,TRUE,取寄せ
エンドー鞄株式会社,7-205,FIBER Chitose バニティボックス S,26400,嘉玄,鞄：その他鞄,,,グリーン|ネイビー|ピンク|ブラック|レッド,PINK|RED|GREEN|NAVY|BLACK,その他,,,,-,-,-,-,-,-,-,-,https://shop.artisan-atelier.net/images/whats_toyookakaban.png,,,,FALSE,FALSE,FALSE,FALSE,FALSE,TRUE,取寄せ
エンドー鞄株式会社,7-206,FIBER Chitose バニティボックス M,29700,嘉玄,鞄：その他鞄,,,グリーン|ネイビー|ピンク|ブラック|レッド,PINK|RED|GREEN|NAVY|BLACK,その他,,,,-,-,-,-,-,-,-,-,https://shop.artisan-atelier.net/images/whats_toyookakaban.png,,,,FALSE,FALSE,FALSE,FALSE,FALSE,TRUE,取寄せ
エンドー鞄株式会社,7-210,鞣(じゅう)三升レザートート,47300,嘉玄,鞄：トート,,,キャメル|クロ|ブルー|レッド,RED|BLUE|BLACK|BROWN,天然皮革・本革,W360×H200×D120mm,約600g,上質をコンパクトに。栃木レザーの贅沢トート。,-,-,-,-,-,-,-,-,https://artisan.itembox.cloud/product/013/000000001368/000000001368-09.jpg?size=l&w=ODAw&t=20250725142503,https://shop.artisan-atelier.net/c/bag/toyooka_kaban/7-210,牛革|ボトル収納|タブレット収納|コンパクト,ユニセックス|メンズ|レディース|普段使い|旅行|街歩き,TRUE,FALSE,FALSE,TRUE,FALSE,TRUE,在庫あり
エンドー鞄株式会社,7-211,鞣(じゅう)七升レザートート,59400,嘉玄,鞄：トート,,,キャメル|クロ|ブルー|レッド,RED|BLUE|BLACK|BROWN,天然皮革・本革,W450×H300×D140mm,約900g,仕事にも休日にも。品よく寄り添う本革トート。,-,-,-,-,-,-,-,-,https://artisan.itembox.cloud/product/013/000000001369/000000001369-08.jpg?size=l&w=ODAw&t=20250725143020,https://shop.artisan-atelier.net/c/bag/toyooka_kaban/7-211,牛革|ボトル収納|タブレット収納|13-14インチPC収納|15-16インチPC収納|A4収納,ユニセックス|メンズ|レディース|普段使い|旅行|街歩き,FALSE,FALSE,FALSE,FALSE,FALSE,TRUE,在庫あり
株式会社ウノフク,04-0115,BX KT TYPE ボストンS,22000,,鞄：ボストン,,,ブラック,BLACK,人工・合成皮革,,,,-,-,-,-,-,-,-,-,https://shop.artisan-atelier.net/images/whats_toyookakaban.png,,,,FALSE,FALSE,FALSE,FALSE,FALSE,TRUE,取寄せ
株式会社ウノフク,04-0116,BX KT TYPE ボストンL,27500,,鞄：ボストン,,,ブラック,BLACK,人工・合成皮革,,,,-,-,-,-,-,-,-,-,https://shop.artisan-atelier.net/images/whats_toyookakaban.png,,,,FALSE,FALSE,FALSE,FALSE,FALSE,TRUE,取寄せ
株式会社ウノフク,13-1106,BX 暁 ウォレットショルダーバッグ 2WAY,14080,,鞄：ミニショルダー・ポーチ,,,キャメル|ネイビーブルー|ブラック,NAVY|BLUE|BLACK|BROWN,人工・合成皮革,W120×H190×D20mm,約280g,スマホも収納可能。鞄と財布機能を合わせ持ちこれ一つでコンパクトに完結。,-,-,-,-,-,-,-,-,https://artisan.itembox.cloud/product/011/000000001199/000000001199-08.jpg?size=l&w=ODAw&t=20230915155737,https://shop.artisan-atelier.net/c/bag/toyooka_kaban/13-1106,合成皮革|コンパクト,メンズ|普段使い|旅行|街歩き,FALSE,FALSE,FALSE,FALSE,FALSE,TRUE,在庫あり
株式会社ウノフク,13-1107,BX 暁 ミニショルダーバッグ,15180,,鞄：ミニショルダー・ポーチ,,,キャメル|ネイビーブルー|ブラック,NAVY|BLUE|BLACK|BROWN,人工・合成皮革,W190×H230×D35mm,約390g,個性的な生地を洋服のポケット感覚で使えるミニショルダーに仕上げた。,-,-,-,-,-,-,-,-,https://artisan.itembox.cloud/product/012/000000001200/000000001200-09.jpg?size=l&w=ODAw&t=20230915170952,https://shop.artisan-atelier.net/c/bag/toyooka_kaban/13-1107,合成皮革|コンパクト,メンズ|普段使い|旅行|街歩き,FALSE,FALSE,FALSE,FALSE,FALSE,TRUE,在庫あり
株式会社ウノフク,13-1128,BAGGEX 霞 ショルダーバッグ 2WAY,19800,,鞄：ショルダー,,,ブラック,BLACK,人工・合成皮革,W260×H180×D110mm,約490g,これは活躍する。コンパクトでも収納性が高く姿も美しい、待望のショルダー付クラッチバッグ。,-,-,-,-,-,-,-,-,https://artisan.itembox.cloud/product/013/000000001336/000000001336-08.jpg?size=l&w=ODAw&t=20250319110717,https://shop.artisan-atelier.net/c/bag/toyooka_kaban/13-1128,合成皮革|撥水|ボトル収納|タブレット収納,メンズ|普段使い|旅行|ビジネス,FALSE,FALSE,FALSE,FALSE,FALSE,TRUE,在庫あり
株式会社ウノフク,13-1144,LUGGEX (Canvas+) L,20900,,鞄：トート,,,アイボリー|カーキ|ブラック,GREEN|WHITE|BLACK,帆布・織物,W440×H350×D150mm,約590g,計算された直線美。ミニマルに研ぎ澄ました帆布バッグ。,-,-,-,-,-,-,-,-,https://artisan.itembox.cloud/product/015/000000001504/000000001504-10.jpg?size=l&w=ODAw&t=20260313155109,https://shop.artisan-atelier.net/c/bag/toyooka_kaban/13-1144,帆布|軽量|ボトル収納|タブレット収納|13-14インチPC収納|A4収納,ユニセックス|メンズ|レディース|普段使い|ビジネス|旅行|街歩き,FALSE,FALSE,FALSE,FALSE,FALSE,TRUE,在庫あり
株式会社ウノフク,13-1148,LUGGEX (Canvas+) S,18700,,鞄：トート,,,アイボリー|カーキ|ブラック,GREEN|WHITE|BLACK,帆布・織物,W380×H300×D150mm,約470g,無駄を削ぎ落とした。美しい直線の帆布バッグ。,-,-,-,-,-,-,-,-,https://artisan.itembox.cloud/product/015/000000001505/000000001505-01.jpg?size=l&w=ODAw&t=20260313160208,https://shop.artisan-atelier.net/c/bag/toyooka_kaban/13-1148,帆布|軽量|ボトル収納|タブレット収納,ユニセックス|メンズ|レディース|普段使い|ビジネス|旅行|街歩き,FALSE,FALSE,FALSE,FALSE,FALSE,TRUE,在庫あり
株式会社ウノフク,14-0097,BX KT TYPE クラッチバッグショルダー,16500,,鞄：クラッチ・セカンド,,,ブラック,BLACK,人工・合成皮革,,,,-,-,-,-,-,-,-,-,https://shop.artisan-atelier.net/images/whats_toyookakaban.png,,,,FALSE,FALSE,FALSE,FALSE,FALSE,TRUE,取寄せ
株式会社ウノフク,15-0021,鸛帆布 一帆,9790,,鞄：ショルダー,,,紺,NAVY,帆布・織物,,,,-,-,-,-,-,-,-,-,https://shop.artisan-atelier.net/images/whats_toyookakaban.png,,,,FALSE,FALSE,FALSE,FALSE,FALSE,TRUE,取寄せ
株式会社ウノフク,23-0613,BAGGEX 霞 ブリーフケース,29700,,鞄：ビジネス・フォーマル,,,ブラック,BLACK,人工・合成皮革,,,,-,-,-,-,-,-,-,-,https://shop.artisan-atelier.net/images/whats_toyookakaban.png,,,,FALSE,FALSE,FALSE,FALSE,FALSE,TRUE,取寄せ
ラ・ヴェッタ株式会社,LV0001,ルガト 名刺入れ,15400,,小物：名刺入れ、カード入れ,,,イエロー|グリーン|チョコ|ネイビー|ブラック|レッド,YELLOW|RED|GREEN|NAVY|BLACK|BROWN,天然皮革・本革,W110×H75×D15mm,約100g,上質の革を職人が見事に仕上げた。大切な名刺をおさめる紳士の逸品。,-,-,-,-,-,-,-,-,https://artisan.itembox.cloud/product/003/000000000392/000000000392-11.jpg?size=l&w=ODAw&t=20230118160221,https://shop.artisan-atelier.net/c/goods/toyookawallet/LV0001,牛革,ユニセックス|メンズ|レディース|普段使い|ギフト,TRUE,FALSE,TRUE,FALSE,FALSE,TRUE,在庫あり
ラ・ヴェッタ株式会社,LV0002,ルガト 長札 -小銭入れ無-,35200,,財布：長財布,,,イエロー|グリーン|チョコ|ネイビー|ブラック|レッド,YELLOW|RED|GREEN|NAVY|BLACK|BROWN,天然皮革・本革,W190×H90×D25mm,約150g,唯一無二の個性と美しさを持つ革を、財布職人が丁寧に丁寧に仕上げた。,-,-,-,-,-,-,-,-,https://artisan.itembox.cloud/product/003/000000000391/000000000391-13.jpg?size=l&w=ODAw&t=20230118154503,https://shop.artisan-atelier.net/c/goods/toyookawallet/LV0002,牛革,ユニセックス|メンズ|レディース|普段使い|ギフト,TRUE,FALSE,FALSE,FALSE,FALSE,TRUE,在庫あり
ラ・ヴェッタ株式会社,LV0003,ルガト 長札 -小銭入れ有-,38500,,財布：長財布,,,イエロー|グリーン|チョコ|ネイビー|ブラック|レッド,YELLOW|RED|GREEN|NAVY|BLACK|BROWN,天然皮革・本革,W190×H90×D25mm,約150g,選び抜いた革を用いて、細部まで美しさにこだわった「Lavetta」の名品。,-,-,-,-,-,-,-,-,https://artisan.itembox.cloud/product/003/000000000390/000000000390-15.jpg?size=l&w=ODAw&t=20250918172422,https://shop.artisan-atelier.net/c/goods/toyookawallet/LV0003,牛革,ユニセックス|メンズ|レディース|普段使い|ギフト,TRUE,FALSE,TRUE,FALSE,FALSE,TRUE,在庫あり
ラ・ヴェッタ株式会社,LV0004,ルガト ラウンドファスナー,41800,,財布：長財布,,,イエロー|グリーン|チョコ|ネイビー|ブラック|レッド,YELLOW|RED|GREEN|NAVY|BLACK|BROWN,天然皮革・本革,W190×H90×D20mm,約200g,革が持つ深みのある艶と個性。丁寧な縫製と仕上げ。本物志向の大人へ贈る美しい財布。,-,-,-,-,-,-,-,-,https://artisan.itembox.cloud/product/003/000000000389/000000000389-13.jpg?size=l&w=ODAw&t=20230118172157,https://shop.artisan-atelier.net/c/goods/toyookawallet/LV0004,牛革,ユニセックス|メンズ|レディース|普段使い|ギフト,FALSE,FALSE,FALSE,FALSE,FALSE,TRUE,在庫あり
ラ・ヴェッタ株式会社,LV0022,ルガト コンパクトギャルソン,28600,,財布：コンパクト財布,,,ピンク|黄|黒|紺|赤|茶|緑,PINK|YELLOW|RED|GREEN|NAVY|BLACK|BROWN,天然皮革・本革,W115×H85×D25mm,約90g,味のある革で使いやすい仕様。コンパクトでもカード10枚程度収納。小銭の出し入れも便利。,-,-,-,-,-,-,-,-,https://artisan.itembox.cloud/product/012/000000001202/000000001202-17.jpg?size=l&w=ODAw&t=20231122155444,https://shop.artisan-atelier.net/c/goods/toyookawallet/LV0022,牛革,ユニセックス|メンズ|レディース|普段使い|ギフト,FALSE,FALSE,FALSE,FALSE,FALSE,TRUE,在庫あり
一般社団法人豊岡鞄協会,KK01,小物入れ,1650,,小物：その他小物,,,黄|黄緑|紺|紫|濃青|濃緑|橙,PURPLE|ORANGE|YELLOW|GREEN|NAVY|BLUE,天然皮革・本革,,,,-,-,-,-,-,-,-,-,https://shop.artisan-atelier.net/images/whats_toyookakaban.png,,牛革,ギフト,FALSE,FALSE,FALSE,FALSE,FALSE,TRUE,在庫あり
河﨑公三商店,2waygum,2WAYガムクリーナー,495,,その他：メンテナンス,,,---,OTHER,管理対象外,-,-,2種類のガムで汚れを優しく擦って落とす皮革用クリーナー。,-,-,-,-,-,-,-,-,https://artisan.itembox.cloud/product/009/000000000985/000000000985-01.jpg?size=l&w=ODAw&t=20220523162306,https://shop.artisan-atelier.net/c/goods/item_goods/maintenance/a-09,ケア用品,ケア用品|ギフト,FALSE,FALSE,FALSE,FALSE,FALSE,TRUE,在庫あり
河﨑公三商店,amedas060,アメダス 60ml,880,,その他：メンテナンス,,,---,OTHER,管理対象外,-,60ml,防水・撥水・防汚効果のあるプロテクトスプレー。,-,-,-,-,-,-,-,-,https://artisan.itembox.cloud/product/004/000000000429/000000000429-01.jpg?size=l&w=ODAw&t=20200115165531,https://shop.artisan-atelier.net/c/goods/item_goods/maintenance/a-06,ケア用品,ケア用品|ギフト,FALSE,FALSE,FALSE,FALSE,FALSE,TRUE,在庫あり
河﨑公三商店,amedas180,アメダス 180ml,1870,,その他：メンテナンス,,,---,OTHER,管理対象外,-,180ml,防水・撥水・防汚効果のあるプロテクトスプレー。,-,-,-,-,-,-,-,-,https://artisan.itembox.cloud/product/004/000000000449/000000000449-01.jpg?size=l&w=ODAw&t=20200115170703,https://shop.artisan-atelier.net/c/goods/item_goods/maintenance/a-06_180,ケア用品,ケア用品|ギフト,FALSE,FALSE,FALSE,FALSE,FALSE,TRUE,在庫あり
河﨑公三商店,amedas420,アメダス 420ml,2420,,その他：メンテナンス,,,---,OTHER,管理対象外,-,420ml,防水・撥水・防汚効果のあるプロテクトスプレー。,-,-,-,-,-,-,-,-,https://artisan.itembox.cloud/product/004/000000000450/000000000450-01.jpg?size=l&w=ODAw&t=20200115170816,https://shop.artisan-atelier.net/c/goods/item_goods/maintenance/a-06_420,ケア用品,ケア用品|ギフト,FALSE,FALSE,FALSE,FALSE,FALSE,TRUE,在庫あり
河﨑公三商店,aromacream,アロマレザークリーム,1100,,その他：メンテナンス,,,---,OTHER,管理対象外,-,30g,デリケートな革にも使えるレザークリーム。,-,-,-,-,-,-,-,-,https://artisan.itembox.cloud/product/004/000000000433/000000000433-01.jpg?size=l&w=ODAw&t=20200109162733,https://shop.artisan-atelier.net/c/goods/item_goods/maintenance/a-03,ケア用品,ケア用品|ギフト,FALSE,FALSE,FALSE,FALSE,FALSE,TRUE,在庫あり
河﨑公三商店,brillocareset,ブリオレザーケアセット,2200,,その他：メンテナンス,,,---,OTHER,管理対象外,-,-,革製品のお手入れ用クリーム、ブラシ、クリーナー、クロスをセットに。,-,-,-,-,-,-,-,-,https://artisan.itembox.cloud/product/010/000000001008/000000001008-01.jpg?size=l&w=ODAw&t=20220706130339,https://shop.artisan-atelier.net/c/goods/item_goods/maintenance/a-012,ケア用品,ケア用品|ギフト,FALSE,FALSE,FALSE,FALSE,FALSE,TRUE,在庫あり
河﨑公三商店,brillocream,ブリオクリーム,1980,,その他：メンテナンス,,,---,OTHER,管理対象外,-,90g,さまざまな皮革製品に使える。栄養分とツヤを与える保護クリーム。,-,-,-,-,-,-,-,-,https://artisan.itembox.cloud/product/004/000000000434/000000000434-01.jpg?size=l&w=ODAw&t=20200109162859,https://shop.artisan-atelier.net/c/goods/item_goods/maintenance/a-02,ケア用品,ケア用品|ギフト,FALSE,FALSE,FALSE,FALSE,FALSE,TRUE,在庫あり
河﨑公三商店,brush2,ジャーマンブラシ#2 (馬毛),1980,,その他：メンテナンス,,,---,OTHER,管理対象外,148mm×48mm×25mm,-,鞄のホコリ落としに最適な高級馬毛ブラシ。,-,-,-,-,-,-,-,-,https://artisan.itembox.cloud/product/009/000000000986/000000000986-01.jpg?size=l&w=ODAw&t=20220527174705,https://shop.artisan-atelier.net/c/goods/item_goods/maintenance/a-010,ケア用品,ケア用品|ギフト,FALSE,FALSE,FALSE,FALSE,FALSE,TRUE,在庫あり
河﨑公三商店,brush5,ジャーマンブラシ#5 (豚毛),990,,その他：メンテナンス,,,---,OTHER,管理対象外,135mm×40mm×18mm,-,鞄のホコリ落としとクリーム伸ばしに最適な白豚毛ブラシ。,-,-,-,-,-,-,-,-,https://artisan.itembox.cloud/product/009/000000000987/000000000987-01.jpg?size=l&w=ODAw&t=20220527174434,https://shop.artisan-atelier.net/c/goods/item_goods/maintenance/a-011,ケア用品,ケア用品|ギフト,FALSE,FALSE,FALSE,FALSE,FALSE,TRUE,在庫あり
河﨑公三商店,cloth,磨きクロス 2枚入り,550,,その他：メンテナンス,,,---,OTHER,管理対象外,210x300mm,-,革製品のお手入れに適した柔らかな綿クロス。,-,-,-,-,-,-,-,-,https://artisan.itembox.cloud/product/004/000000000431/000000000431-01.jpg?size=l&w=ODAw&t=20200109161820,https://shop.artisan-atelier.net/c/goods/item_goods/maintenance/a-05,ケア用品,ケア用品|ギフト,FALSE,FALSE,FALSE,FALSE,FALSE,TRUE,在庫あり
河﨑公三商店,collonilD,collonil ケアセットD,9900,,その他：メンテナンス,,,---,OTHER,管理対象外,,,,-,-,-,-,-,-,-,-,https://shop.artisan-atelier.net/images/whats_toyookakaban.png,,ケア用品,ケア用品|ギフト,FALSE,FALSE,FALSE,FALSE,FALSE,TRUE,在庫あり
河﨑公三商店,kabimist,レザーキュア（カビ用ミスト）,1320,,その他：メンテナンス,,,---,OTHER,管理対象外,-,100ml,革専用のカビ防止・予防剤。,-,-,-,-,-,-,-,-,https://artisan.itembox.cloud/product/004/000000000428/000000000428-01.jpg?size=l&w=ODAw&t=20200109155446,https://shop.artisan-atelier.net/c/goods/item_goods/maintenance/a-07,ケア用品,ケア用品|ギフト,FALSE,FALSE,FALSE,FALSE,FALSE,TRUE,在庫あり
河﨑公三商店,leatherlotion,レザーローション,1320,,その他：メンテナンス,,,---,OTHER,管理対象外,,,,-,-,-,-,-,-,-,-,https://shop.artisan-atelier.net/images/whats_toyookakaban.png,,ケア用品,ケア用品|ギフト,FALSE,FALSE,FALSE,FALSE,FALSE,TRUE,在庫あり
河﨑公三商店,minkoil,ミンクオイル,770,,その他：メンテナンス,,,---,OTHER,管理対象外,-,45g,皮革オイルの定番。たっぷりの油分で潤いを与え乾燥から蘇らせる。,-,-,-,-,-,-,-,-,https://artisan.itembox.cloud/product/004/000000000432/000000000432-01.jpg?size=l&w=ODAw&t=20200115165441,https://shop.artisan-atelier.net/c/goods/item_goods/maintenance/a-04,ケア用品,ケア用品|ギフト,FALSE,FALSE,FALSE,FALSE,FALSE,TRUE,在庫あり
河﨑公三商店,tmdeosprey,TM Deosprey (除菌スプレー),3080,,その他：メンテナンス,,,---,OTHER,管理対象外,-,300ml,革に使える、プロスペック 抗菌・抗ウイルススプレー。,-,-,-,-,-,-,-,-,https://artisan.itembox.cloud/product/007/000000000756/000000000756-01.jpg?size=l&w=ODAw&t=20210128092408,https://shop.artisan-atelier.net/c/goods/item_goods/maintenance/a-08,ケア用品,ケア用品|ギフト,FALSE,FALSE,FALSE,FALSE,FALSE,TRUE,在庫あり